trans_id,timestamp,send_account,receiver_account,amount,is_flag
T100123,2023-02-18T16:49:56.700598,ACC578987,ACC691303,1400.85,False
T4406108,2023-10-07T15:18:51.990458,ACC115376,ACC114787,821.13,True
T100462,2023-01-23T17:08:10.055161,ACC679989,ACC526850,1495.09,False
T100351,2023-06-20T12:31:51.085344,ACC769809,ACC575470,53.35,False
T3701618,2023-07-22T18:24:49.503647,ACC322622,ACC718952,189.76,True
T100665,2023-03-03T09:54:48.471350,ACC376169,ACC902694,299.73,False
T100756,2023-12-01T07:21:39.336772,ACC641585,ACC227615,587.17,False
T100527,2023-12-25T12:48:39.188228,ACC260119,ACC968100,93.69,False
T100070,2023-02-03T09:07:44.925912,ACC197758,ACC552855,697.94,False
T100554,2023-04-14T01:11:45.372860,ACC205656,ACC551839,745.32,False
T100332,2023-09-19T01:59:32.921587,ACC948612,ACC659399,684.33,False
T100994,2023-02-09T15:53:53.711274,ACC312123,ACC212430,562.84,False
T4059067,2023-11-03T13:39:20.683350,ACC653530,ACC442218,1568.25,True
T4583285,2023-10-14T18:58:51.806866,ACC509977,ACC988136,43.05,True
T100310,2023-02-25T17:08:37.710784,ACC211957,ACC237935,211.69,False
T4964324,2023-01-02T02:01:48.646266,ACC338926,ACC308134,34.9,True
T100218,2023-05-20T12:01:22.667685,ACC365015,ACC597440,149.48,False
T100078,2023-03-23T01:58:16.449289,ACC180089,ACC635280,1264.0,False
T100270,2023-09-04T13:08:34.114188,ACC709231,ACC205641,24.46,False
T100051,2023-06-16T21:26:58.204086,ACC502219,ACC299869,386.3,False
T100067,2023-08-06T06:30:51.539486,ACC628313,ACC332311,842.25,False
T100370,2023-01-07T16:32:53.666245,ACC419644,ACC269662,141.22,False
T2726288,2023-11-01T13:46:47.155911,ACC784265,ACC274491,36.84,True
T100629,2023-10-21T18:22:15.558148,ACC816514,ACC904950,289.27,False
T100076,2023-07-24T19:25:06.430190,ACC945362,ACC471371,1163.52,False
T100344,2023-07-29T23:15:12.816565,ACC405925,ACC948188,1637.02,False
T100184,2023-01-14T10:31:44.857517,ACC746947,ACC357724,19.56,False
T100798,2023-05-18T21:40:27.252496,ACC956397,ACC917076,26.76,False
T4338189,2023-08-15T13:56:27.063586,ACC936950,ACC613201,1101.19,True
T100862,2023-02-12T07:50:40.142048,ACC343529,ACC312281,401.07,False
T100163,2023-03-16T18:18:26.956948,ACC238320,ACC781571,7.66,False
T2603850,2023-03-22T18:16:47.697608,ACC926247,ACC545577,279.09,True
T3969790,2023-07-17T07:17:54.223195,ACC569342,ACC875821,547.63,True
T100736,2023-08-12T02:41:49.998520,ACC927614,ACC225400,339.33,False
T100963,2023-08-25T06:23:15.550960,ACC859019,ACC230167,1079.96,False
T715094,2023-06-02T22:02:19.074488,ACC526362,ACC294368,29.38,True
T100044,2023-06-15T05:24:44.828824,ACC592738,ACC405407,324.63,False
T100198,2023-11-03T06:48:35.527312,ACC164633,ACC258471,230.24,False
T3923847,2023-06-23T08:19:04.976930,ACC685472,ACC887843,1063.36,True
T4851383,2023-10-14T18:13:23.776035,ACC544611,ACC805699,1261.95,True
T3967257,2023-02-13T15:02:14.560400,ACC259107,ACC813803,166.33,True
T100852,2023-09-09T04:08:10.506927,ACC336783,ACC771580,18.95,False
T3972628,2023-08-10T15:07:50.450760,ACC541311,ACC113552,194.14,True
T2418319,2023-04-28T21:42:04.201114,ACC344271,ACC708380,33.65,True
T3372314,2023-05-02T06:09:05.373737,ACC724181,ACC449274,148.51,True
T100339,2023-07-19T20:14:26.097368,ACC281833,ACC597938,543.86,False
T100029,2023-09-18T17:39:10.787302,ACC384913,ACC452161,56.98,False
T100901,2023-06-02T20:24:49.240257,ACC932839,ACC988272,23.63,False
T4121488,2023-08-21T18:51:07.178557,ACC804208,ACC477417,13.36,True
T100382,2023-05-16T08:57:30.642756,ACC112782,ACC398477,36.42,False
T100651,2023-11-26T13:43:34.707011,ACC752079,ACC609825,15.49,False
T100049,2023-07-10T00:31:44.680642,ACC893188,ACC622707,215.32,False
T100741,2023-04-02T05:25:57.857584,ACC810769,ACC688528,41.25,False
T100613,2023-08-30T16:42:58.411745,ACC437548,ACC910175,55.52,False
T100745,2023-12-23T04:52:30.907937,ACC120425,ACC958294,500.27,False
T100814,2023-03-07T11:34:57.789094,ACC414682,ACC810277,28.02,False
T100415,2023-11-14T00:30:27.762331,ACC507341,ACC108248,48.31,False
T4339309,2023-07-09T00:33:10.266835,ACC283607,ACC837307,69.51,True
T100874,2023-07-22T12:30:06.410825,ACC899383,ACC330552,452.05,False
T100812,2023-02-14T00:32:18.602158,ACC529580,ACC265969,126.32,False
T4026280,2023-03-07T02:46:17.197917,ACC843390,ACC787888,8.69,True
T100806,2023-09-28T15:26:55.821918,ACC944576,ACC414423,466.12,False
T100885,2023-10-03T00:17:23.471857,ACC527481,ACC275002,21.12,False
T100824,2023-05-12T08:03:56.651452,ACC488438,ACC623968,10.38,False
T100247,2023-04-01T03:29:39.169170,ACC846794,ACC875753,88.54,False
T2390742,2023-07-27T11:44:52.665966,ACC557312,ACC948915,28.38,True
T3153539,2023-06-13T04:25:18.273493,ACC847398,ACC230766,65.51,True
T4580725,2023-01-28T22:31:50.749895,ACC942301,ACC279455,11.11,True
T1216920,2023-01-04T23:21:03.155131,ACC796557,ACC423921,947.34,True
T100813,2023-10-08T18:07:46.927925,ACC821547,ACC957684,8.1,False
T3354738,2023-09-19T11:14:14.880935,ACC785152,ACC630031,37.65,True
T1661452,2023-12-28T20:22:05.115982,ACC779766,ACC976467,1.69,True
T100192,2023-04-02T03:58:40.659834,ACC467506,ACC369125,286.32,False
T3069137,2023-03-12T10:50:53.435124,ACC309406,ACC606223,92.28,True
T100898,2023-12-08T23:07:06.355837,ACC779445,ACC259265,1069.16,False
T100843,2023-12-27T00:51:01.058566,ACC890478,ACC273284,203.08,False
T100101,2023-07-12T10:05:38.170728,ACC963333,ACC702826,390.9,False
T100764,2023-12-24T12:41:17.599271,ACC249898,ACC765458,376.18,False
T100566,2023-03-31T16:45:56.162063,ACC825657,ACC380448,1267.28,False
T1123925,2023-02-18T00:37:05.409923,ACC751968,ACC120769,19.02,True
T2959817,2023-08-25T07:34:11.538981,ACC303168,ACC914503,16.62,True
T1202443,2023-05-15T02:36:35.323426,ACC432233,ACC846121,305.05,True
T100289,2023-07-18T20:06:57.484480,ACC867979,ACC591147,65.1,False
T100599,2023-03-29T18:57:49.340911,ACC411345,ACC303244,236.34,False
T3986255,2023-04-01T11:54:18.633782,ACC464272,ACC314561,50.48,True
T100354,2023-07-30T09:50:54.978359,ACC841978,ACC908442,163.08,False
T4556886,2023-02-13T09:44:10.088281,ACC959273,ACC296513,63.12,True
T100231,2023-05-23T04:40:22.346303,ACC735605,ACC437477,45.64,False
T100297,2023-02-27T07:29:53.705726,ACC484914,ACC710434,310.48,False
T100839,2023-01-08T09:40:48.743260,ACC616137,ACC124655,15.95,False
T100826,2023-10-17T17:26:45.364979,ACC281172,ACC258375,423.16,False
T100993,2023-03-02T09:46:42.364113,ACC646877,ACC973489,10.62,False
T2385288,2023-12-26T16:32:01.842279,ACC727514,ACC294350,26.9,True
T3471805,2023-01-16T10:33:34.305513,ACC635077,ACC575633,5.84,True
T1285566,2023-04-09T05:28:54.715606,ACC852817,ACC234377,66.88,True
T100497,2023-03-02T09:59:26.037393,ACC630647,ACC146803,74.11,False
T100590,2023-07-25T12:33:28.646135,ACC308205,ACC181588,382.29,False
T100043,2023-11-11T12:03:35.973494,ACC420214,ACC696251,470.36,False
T100594,2023-08-14T11:26:27.078756,ACC208711,ACC620518,1151.96,False
T100358,2023-08-28T06:33:51.028506,ACC748410,ACC148026,150.32,False
T1414986,2023-06-08T22:12:30.534983,ACC629694,ACC876135,1.13,True
T100220,2023-01-02T20:59:05.538274,ACC193326,ACC215795,63.54,False
T100931,2023-04-29T22:30:14.001808,ACC474216,ACC594281,0.01,False
T3494247,2023-04-15T12:48:23.355007,ACC863204,ACC222522,15.72,True
T100649,2023-01-22T06:17:39.097643,ACC289365,ACC396323,624.81,False
T100638,2023-04-13T11:15:34.792013,ACC417645,ACC513064,1702.96,False
T100453,2023-12-31T15:26:35.353865,ACC613321,ACC867260,2.2,False
T4010292,2023-06-24T15:33:26.584730,ACC268525,ACC418844,136.0,True
T100168,2023-03-30T19:52:34.244766,ACC722780,ACC174461,1021.83,False
T100867,2023-10-05T08:58:44.829251,ACC718199,ACC829022,324.55,False
T2225061,2023-07-23T05:12:23.026872,ACC285196,ACC930261,19.53,True
T100439,2023-06-28T04:14:39.894188,ACC859813,ACC741199,193.26,False
T100065,2023-12-28T16:04:16.026697,ACC315173,ACC171942,0.01,False
T100237,2023-01-15T23:52:46.424841,ACC725874,ACC153325,25.87,False
T100622,2023-07-03T19:33:47.104397,ACC912915,ACC198471,484.13,False
T100532,2023-10-18T03:27:03.376151,ACC502611,ACC607711,35.92,False
T100619,2023-03-25T10:50:00.736023,ACC833491,ACC850595,157.74,False
T100239,2023-11-27T22:23:20.314868,ACC751303,ACC355671,565.47,False
T100486,2023-06-21T04:44:47.980827,ACC485364,ACC943584,41.28,False
T100309,2023-04-27T14:16:00.505111,ACC658850,ACC854388,984.06,False
T100528,2023-09-05T21:23:32.967409,ACC894520,ACC510373,259.64,False
T100115,2023-10-01T00:41:06.927107,ACC311883,ACC968170,21.22,False
T100374,2023-10-20T21:09:28.355857,ACC948083,ACC168815,386.44,False
T100711,2023-07-03T00:45:14.257002,ACC740225,ACC728275,177.48,False
T100208,2023-06-17T18:49:21.523734,ACC589368,ACC416822,173.19,False
T100591,2023-12-11T11:30:57.624707,ACC765104,ACC571155,1124.65,False
T1377932,2023-09-27T12:54:40.252788,ACC675242,ACC966547,5.79,True
T100858,2023-02-10T04:44:57.258794,ACC978050,ACC180552,549.57,False
T100032,2023-03-08T15:56:46.580128,ACC497519,ACC443254,242.33,False
T100605,2023-08-11T04:54:35.622104,ACC309422,ACC694691,13.33,False
T100461,2023-05-23T17:52:18.733461,ACC249380,ACC532876,21.12,False
T100471,2023-01-18T16:24:37.122188,ACC658272,ACC570665,33.29,False
T4893012,2023-07-27T12:18:51.829790,ACC716571,ACC212310,126.97,True
T100714,2023-04-06T05:45:56.417705,ACC221591,ACC732958,136.37,False
T100353,2023-01-13T19:22:53.172966,ACC699098,ACC862886,58.38,False
T100432,2023-08-19T06:48:41.784458,ACC142402,ACC638277,109.31,False
T100277,2023-02-05T12:03:02.081835,ACC675074,ACC156440,206.14,False
T100233,2023-09-04T19:22:22.559963,ACC399817,ACC988459,233.25,False
T100367,2023-06-17T14:09:04.977870,ACC897273,ACC460265,625.57,False
T1949145,2023-07-11T17:37:56.231142,ACC658395,ACC976005,189.45,True
T100765,2023-07-19T08:54:13.606578,ACC881147,ACC392872,31.68,False
T100792,2023-05-04T22:53:34.570988,ACC248249,ACC351082,69.59,False
T100588,2023-12-15T14:10:13.017944,ACC543464,ACC382956,10.34,False
T100819,2023-09-27T05:46:15.168511,ACC747454,ACC173801,518.99,False
T100381,2023-03-23T09:58:48.675665,ACC305222,ACC123643,1450.88,False
T100614,2023-01-22T23:56:17.856158,ACC803069,ACC326634,81.99,False
T100261,2023-12-19T01:38:07.447347,ACC943442,ACC195513,320.29,False
T100701,2023-06-18T23:39:29.168829,ACC358717,ACC422733,170.63,False
T100063,2023-05-23T07:32:14.931151,ACC803055,ACC879238,4.29,False
T100244,2023-07-22T17:52:18.785334,ACC248241,ACC229221,1781.59,False
T100774,2023-01-06T15:13:57.801448,ACC945143,ACC609134,377.38,False
T100887,2023-11-26T06:24:40.819840,ACC365205,ACC610421,2.75,False
T100660,2023-01-10T19:19:28.957449,ACC926450,ACC477788,15.17,False
T100203,2023-11-05T13:20:09.387729,ACC818119,ACC202988,0.01,False
T100777,2023-06-18T01:52:19.402811,ACC375957,ACC905947,239.59,False
T1281081,2023-04-20T22:37:32.543577,ACC336738,ACC150327,44.33,True
T100371,2023-01-13T11:34:34.235651,ACC889460,ACC382894,212.75,False
T100030,2023-07-18T14:16:24.926931,ACC165290,ACC316881,12.64,False
T100056,2023-06-01T06:34:23.955694,ACC931016,ACC288803,446.5,False
T1221159,2023-10-15T12:28:04.654409,ACC445441,ACC983458,10.8,True
T100754,2023-04-30T22:33:31.609610,ACC341281,ACC790138,93.25,False
T100350,2023-08-15T02:55:10.845997,ACC722999,ACC788500,595.69,False
T100477,2023-04-24T01:59:16.335063,ACC405202,ACC486746,744.49,False
T3930322,2023-09-09T16:50:32.158434,ACC383641,ACC829619,317.35,True
T100894,2023-04-11T00:22:17.539386,ACC415169,ACC623107,35.52,False
T2383419,2023-12-18T15:22:38.743160,ACC351186,ACC734442,472.52,True
T100438,2023-06-22T16:14:43.368693,ACC713654,ACC354415,308.85,False
T100240,2023-01-17T20:08:25.978474,ACC301863,ACC435872,1091.9,False
T100493,2023-07-16T10:19:42.414114,ACC879241,ACC172103,173.94,False
T100781,2023-03-31T20:16:52.418949,ACC561746,ACC779367,148.23,False
T1214249,2023-12-24T20:55:01.414366,ACC196286,ACC905936,536.44,True
T100759,2023-05-17T05:07:38.577323,ACC963240,ACC265132,7.39,False
T100099,2023-11-08T20:45:29.893560,ACC281043,ACC848022,35.67,False
T100997,2023-04-20T05:10:31.897017,ACC244933,ACC616645,16.06,False
T2905112,2023-10-31T05:46:37.806820,ACC278462,ACC690076,12.81,True
T100933,2023-11-23T01:34:47.908948,ACC457369,ACC348207,950.52,False
T100570,2023-02-23T05:17:24.365724,ACC233730,ACC290706,43.05,False
T3707489,2023-08-14T23:21:33.951860,ACC667809,ACC930403,1397.7,True
T1474545,2023-09-12T11:00:54.476314,ACC167671,ACC107766,15.71,True
T100682,2023-09-27T02:15:03.482382,ACC303721,ACC971861,53.3,False
T4197783,2023-02-10T03:50:50.930653,ACC509323,ACC329968,27.59,True
T100571,2023-07-21T05:12:42.931250,ACC659699,ACC616530,344.06,False
T100275,2023-06-04T18:06:44.760628,ACC699405,ACC524434,1674.65,False
T100303,2023-03-31T12:06:11.500988,ACC254850,ACC972881,9.98,False
T3820549,2023-07-11T18:50:44.541581,ACC535011,ACC344996,15.18,True
T2238351,2023-08-29T11:56:47.746253,ACC138241,ACC432675,130.53,True
T100677,2023-03-21T01:19:48.288405,ACC163756,ACC689569,18.56,False
T100596,2023-11-26T02:38:25.219263,ACC134261,ACC116284,948.25,False
T3543841,2023-04-01T15:13:09.842339,ACC134259,ACC883445,0.01,True
T100930,2023-03-12T17:21:05.920295,ACC868206,ACC421218,4.78,False
T100447,2023-09-20T14:24:05.202507,ACC172961,ACC188896,16.4,False
T100722,2023-06-19T13:39:37.992765,ACC623212,ACC320869,75.95,False
T100906,2023-04-11T07:23:14.155662,ACC654418,ACC719171,355.31,False
T100316,2023-08-12T14:45:19.447513,ACC497073,ACC677079,19.76,False
T100058,2023-03-29T07:55:19.015988,ACC476395,ACC702733,14.25,False
T2656053,2023-06-08T22:45:42.020985,ACC677437,ACC172407,21.1,True
T100990,2023-07-20T02:33:18.335349,ACC208110,ACC456710,77.22,False
T100941,2023-06-04T21:47:32.301280,ACC673284,ACC184050,34.3,False
T100023,2023-02-12T23:03:25.445149,ACC299312,ACC367095,1514.87,False
T100107,2023-07-04T18:41:36.585918,ACC325595,ACC711680,16.72,False
T100411,2023-08-29T14:57:19.593821,ACC775591,ACC993933,693.35,False
T100724,2023-12-03T09:30:15.200972,ACC496811,ACC736613,544.03,False
T100513,2023-09-13T09:50:58.778268,ACC255067,ACC374025,13.08,False
T4530396,2023-04-10T06:59:41.967677,ACC254361,ACC484529,7.76,True
T2594820,2023-05-22T03:37:08.375910,ACC392839,ACC758804,34.2,True
T100274,2023-02-15T03:02:25.459938,ACC734992,ACC308622,87.85,False
T100938,2023-04-13T05:34:35.041807,ACC735732,ACC324549,1121.53,False
T100809,2023-12-09T14:11:18.644513,ACC289074,ACC564498,676.97,False
T1025800,2023-08-19T03:39:25.345336,ACC533357,ACC978361,1841.75,True
T100522,2023-08-31T03:44:41.594903,ACC355177,ACC321921,305.69,False
T100947,2023-01-24T21:08:49.847105,ACC940951,ACC149269,1022.66,False
T2257925,2023-11-07T19:03:53.986005,ACC854436,ACC322916,0.01,True
T100816,2023-04-11T11:02:53.415809,ACC580339,ACC791442,1017.51,False
T939014,2023-02-04T13:22:28.955892,ACC248996,ACC228710,54.39,True
T100380,2023-10-20T19:17:14.253343,ACC563581,ACC455136,2072.79,False
T100196,2023-06-06T10:49:41.474008,ACC963918,ACC794178,171.2,False
T100428,2023-04-15T15:18:13.545421,ACC227916,ACC513316,9.71,False
T100128,2023-07-31T15:40:45.754420,ACC958136,ACC436241,404.98,False
T4052951,2023-10-27T01:58:09.792009,ACC636257,ACC690846,1128.19,True
T100081,2023-07-03T00:58:39.231861,ACC572407,ACC208529,53.07,False
T2166248,2023-07-28T06:16:46.238930,ACC113622,ACC872889,136.42,True
T100346,2023-11-03T06:30:02.029480,ACC907789,ACC501779,228.14,False
T4642248,2023-04-18T04:33:00.690187,ACC916283,ACC714125,241.11,True
T100861,2023-12-02T16:50:39.091803,ACC226889,ACC125280,22.56,False
T100836,2023-08-12T19:35:55.765522,ACC774885,ACC396651,15.35,False
T100111,2023-09-04T11:32:38.393029,ACC712056,ACC422623,744.85,False
T4469052,2023-01-28T19:49:32.391644,ACC588245,ACC187431,239.93,True
T4810045,2023-02-17T16:47:20.178159,ACC369036,ACC149763,1205.14,True
T100892,2023-12-28T18:08:03.603808,ACC100594,ACC169445,581.95,False
T3037215,2023-11-05T22:51:29.103622,ACC886353,ACC119506,302.23,True
T4274357,2023-04-04T07:15:26.126395,ACC222750,ACC372472,14.53,True
T2723571,2023-04-17T03:18:18.869345,ACC424663,ACC522757,85.71,True
T100925,2023-08-30T14:23:49.897676,ACC388426,ACC564950,231.92,False
T100666,2023-02-17T10:29:17.412215,ACC683994,ACC353162,15.71,False
T100175,2023-12-25T17:11:07.613259,ACC172274,ACC587686,26.0,False
T100342,2023-02-22T19:41:10.766305,ACC651978,ACC887042,18.06,False
T100624,2023-07-31T17:38:15.492927,ACC551643,ACC476879,468.92,False
T100141,2023-06-29T12:41:10.591910,ACC679902,ACC493663,75.55,False
T100823,2023-05-07T14:23:44.497272,ACC163338,ACC749954,91.04,False
T4113725,2023-06-04T14:34:50.657018,ACC166730,ACC807829,63.14,True
T100464,2023-01-23T14:07:59.775350,ACC386578,ACC726909,5.06,False
T1315155,2023-07-06T07:35:48.991569,ACC718389,ACC607042,1340.28,True
T2100968,2023-07-22T22:41:35.624154,ACC482227,ACC155189,487.62,True
T4900198,2023-07-12T02:49:35.411436,ACC361163,ACC441303,1004.22,True
T100962,2023-10-31T19:59:23.531794,ACC886078,ACC142301,2259.78,False
T1374722,2023-09-09T08:28:52.021072,ACC149919,ACC853884,675.68,True
T5089414,2023-07-31T08:09:52.290631,ACC147462,ACC736931,9.24,True
T3619747,2023-01-15T23:44:15.916244,ACC281616,ACC457740,28.43,True
T3379589,2023-07-07T09:35:04.905852,ACC386488,ACC105423,30.28,True
T100943,2023-09-04T00:17:03.063847,ACC776968,ACC403942,19.38,False
T100481,2023-03-06T14:26:17.653017,ACC206105,ACC122013,307.55,False
T5087258,2023-03-13T08:07:43.319636,ACC286436,ACC165568,2106.97,True
T100535,2023-09-12T09:05:20.728612,ACC469221,ACC735617,30.06,False
T100259,2023-02-27T07:51:37.316597,ACC713805,ACC365953,91.08,False
T100548,2023-02-22T00:17:59.120781,ACC555040,ACC106092,13.63,False
T1961206,2023-04-19T06:07:02.415022,ACC964217,ACC328466,17.37,True
T4515481,2023-06-03T01:15:36.775812,ACC893915,ACC439228,174.31,True
T100429,2023-04-30T13:15:34.208341,ACC869989,ACC935750,419.15,False
T100778,2023-10-30T14:15:50.568628,ACC857009,ACC194825,6.22,False
T100617,2023-05-26T10:05:21.446206,ACC632599,ACC449951,1367.85,False
T100621,2023-01-08T22:26:35.468555,ACC180716,ACC279018,1019.39,False
T100923,2023-01-01T15:43:30.440335,ACC525244,ACC719433,201.6,False
T100254,2023-01-16T01:18:43.126192,ACC253999,ACC158627,380.29,False
T2751427,2023-07-24T02:04:23.804415,ACC925303,ACC807932,24.65,True
T1485072,2023-12-14T04:23:38.562282,ACC980199,ACC974045,240.67,True
T100762,2023-02-17T16:01:11.401595,ACC666216,ACC483341,1004.19,False
T100271,2023-09-14T05:14:33.399279,ACC482812,ACC995825,24.81,False
T100086,2023-12-20T01:37:35.550551,ACC975679,ACC303440,28.66,False
T1288024,2023-12-01T02:31:59.112579,ACC180860,ACC745633,8.84,True
T100265,2023-09-11T21:07:14.543359,ACC690525,ACC607122,223.15,False
T4412235,2023-10-25T12:07:27.137292,ACC767718,ACC105440,101.35,True
T4752592,2023-10-24T00:57:24.088174,ACC139252,ACC725078,1156.13,True
T4738537,2023-01-26T00:28:38.575854,ACC971327,ACC437229,956.59,True
T100712,2023-08-28T06:26:01.068813,ACC258070,ACC398806,21.08,False
T100668,2023-06-30T02:15:02.766650,ACC691534,ACC642824,57.65,False
T100221,2023-10-24T20:26:34.461314,ACC993647,ACC404681,19.83,False
T100113,2023-12-16T18:33:53.681910,ACC659024,ACC458955,8.19,False
T2465690,2023-10-03T23:50:19.980593,ACC790622,ACC635872,76.24,True
T100631,2023-10-15T20:53:49.202778,ACC637087,ACC491235,556.96,False
T100174,2023-07-22T17:05:43.970006,ACC876644,ACC787554,207.0,False
T100727,2023-12-12T12:29:01.713453,ACC739434,ACC362081,213.49,False
T2595648,2023-07-30T14:38:00.830194,ACC896164,ACC276694,431.9,True
T2565873,2023-03-28T17:10:59.985101,ACC971760,ACC501796,780.68,True
T100949,2023-02-28T04:16:24.591439,ACC540191,ACC893226,311.05,False
T2344585,2023-08-05T15:46:02.115453,ACC631554,ACC470540,385.79,True
T3093294,2023-05-03T10:55:32.173879,ACC851908,ACC573567,51.24,True
T100306,2023-03-15T04:08:48.307460,ACC687923,ACC847078,1299.38,False
T1831059,2023-07-06T23:06:30.071975,ACC270745,ACC828294,12.0,True
T100031,2023-06-09T01:55:23.340607,ACC507746,ACC452457,82.89,False
T100210,2023-08-02T13:17:15.479308,ACC955653,ACC299140,25.78,False
T100924,2023-09-07T20:26:13.766874,ACC328731,ACC389982,1202.88,False
T100363,2023-01-20T11:53:04.591725,ACC935309,ACC256465,162.12,False
T100908,2023-03-25T22:58:28.571304,ACC961412,ACC571072,54.21,False
T100849,2023-06-21T02:09:40.975473,ACC904586,ACC406655,440.37,False
T2334097,2023-04-17T01:00:12.118411,ACC144731,ACC509372,329.57,True
T100188,2023-08-08T14:33:57.633332,ACC652021,ACC601207,656.05,False
T100767,2023-03-09T07:41:03.933276,ACC304344,ACC248592,620.74,False
T100630,2023-02-05T17:19:49.935374,ACC563367,ACC827851,16.6,False
T100377,2023-03-25T05:36:35.200162,ACC402143,ACC907141,198.95,False
T100670,2023-02-05T17:44:59.498855,ACC979535,ACC633408,341.27,False
T2260493,2023-07-14T18:54:29.406892,ACC313182,ACC813969,433.46,True
T100048,2023-04-16T16:47:16.394519,ACC953085,ACC897441,2073.2,False
T100155,2023-03-10T20:59:00.817694,ACC749498,ACC156215,38.87,False
T100845,2023-04-21T13:57:32.418275,ACC579123,ACC939444,465.59,False
T3187001,2023-05-20T13:20:49.576020,ACC459001,ACC318462,37.48,True
T3978265,2023-03-07T11:04:48.928468,ACC765811,ACC453691,407.57,True
T2195617,2023-05-14T03:53:16.514557,ACC937226,ACC854066,0.01,True
T1058231,2023-12-29T21:45:12.288373,ACC742730,ACC825206,5.57,True
T1131791,2023-06-15T01:40:28.199490,ACC851722,ACC947258,20.48,True
T3448821,2023-01-15T02:50:01.044942,ACC333711,ACC610940,7.22,True
T100179,2023-01-28T12:15:42.975467,ACC242723,ACC917823,981.67,False
T100322,2023-06-19T19:23:53.365605,ACC873291,ACC989265,17.06,False
T4336414,2023-06-14T22:13:59.326011,ACC399648,ACC805790,20.17,True
T3815421,2023-02-01T08:21:31.584579,ACC297697,ACC994263,114.1,True
T100427,2023-02-04T12:44:31.967072,ACC289430,ACC975512,272.84,False
T4537120,2023-09-07T19:12:18.853717,ACC495936,ACC162589,1189.33,True
T4040117,2023-08-14T04:51:29.054308,ACC378971,ACC923037,67.9,True
T3477813,2023-05-09T18:28:05.387794,ACC644333,ACC518797,82.34,True
T100361,2023-01-03T12:37:20.309267,ACC193471,ACC841071,4.72,False
T1467711,2023-07-05T19:42:01.726760,ACC138079,ACC384385,142.25,True
T100538,2023-02-10T20:30:48.817912,ACC526541,ACC169163,11.15,False
T3774207,2023-08-04T08:01:22.109546,ACC922816,ACC260368,26.2,True
T100575,2023-02-27T17:34:23.027651,ACC133679,ACC733521,286.08,False
T100243,2023-10-07T21:48:08.464821,ACC499941,ACC514306,1232.61,False
T100534,2023-08-27T07:07:50.819848,ACC689820,ACC369232,160.32,False
T3395801,2023-08-15T15:43:43.223526,ACC628239,ACC534198,32.03,True
T100695,2023-01-10T16:35:20.609684,ACC996922,ACC588715,29.89,False
T100808,2023-05-18T04:23:37.513600,ACC323885,ACC511911,72.91,False
T100917,2023-05-05T14:53:05.526279,ACC178011,ACC656754,72.59,False
T150379,2023-03-28T13:56:00.181342,ACC448813,ACC764778,538.47,True
T100485,2023-07-29T00:12:16.516817,ACC366893,ACC677295,1113.95,False
T100435,2023-05-05T19:05:21.006465,ACC321321,ACC294078,432.58,False
T1005683,2023-07-30T03:34:02.323309,ACC499697,ACC974271,29.41,True
T100054,2023-05-05T11:47:47.077046,ACC516791,ACC781403,1224.09,False
T3881700,2023-03-29T16:22:45.513488,ACC795248,ACC884946,2194.99,True
T100772,2023-12-13T14:30:50.716671,ACC500033,ACC978683,22.53,False
T100312,2023-03-07T05:12:18.172712,ACC747033,ACC613742,19.6,False
T1799701,2023-11-25T05:03:37.421626,ACC719302,ACC209587,774.25,True
T100109,2023-12-23T09:43:31.666889,ACC491326,ACC933510,11.22,False
T100506,2023-12-04T20:03:50.624960,ACC565280,ACC875165,14.34,False
T100903,2023-02-27T09:12:40.255391,ACC461848,ACC169264,1449.83,False
T100977,2023-05-18T11:35:40.230013,ACC328855,ACC569226,1178.6,False
T2894491,2023-10-20T09:21:26.789292,ACC596828,ACC949467,405.16,True
T100618,2023-03-06T19:24:40.016860,ACC655286,ACC736955,80.63,False
T100296,2023-08-07T02:52:56.500408,ACC241647,ACC416503,637.01,False
T100451,2023-06-15T16:34:08.855177,ACC944510,ACC881984,280.15,False
T100857,2023-09-12T22:52:04.773015,ACC940231,ACC661683,710.18,False
T100636,2023-05-21T22:47:24.397887,ACC586501,ACC537147,298.9,False
T100286,2023-03-14T13:49:08.452520,ACC799080,ACC328367,1051.98,False
T1857929,2023-10-03T08:55:32.530195,ACC772589,ACC736293,973.53,True
T100664,2023-10-11T22:41:12.689791,ACC806850,ACC713160,554.43,False
T100126,2023-05-19T17:27:42.695914,ACC359535,ACC583000,20.65,False
T100828,2023-03-28T10:56:06.710696,ACC942658,ACC326915,147.27,False
T100292,2023-05-15T12:15:40.377694,ACC852715,ACC174316,1892.33,False
T100661,2023-07-07T09:34:27.149470,ACC632867,ACC921524,37.28,False
T2489554,2023-03-14T08:46:38.052435,ACC662629,ACC731534,14.88,True
T100355,2023-08-20T14:42:26.398844,ACC195071,ACC483102,13.37,False
T100170,2023-07-06T21:01:44.965442,ACC947312,ACC262924,8.32,False
T3479189,2023-05-23T12:11:36.090250,ACC324393,ACC906346,14.47,True
T100365,2023-10-12T17:49:24.397272,ACC338846,ACC202827,265.06,False
T100942,2023-04-29T16:04:13.065475,ACC947220,ACC767984,1116.69,False
T100209,2023-03-11T10:02:03.521985,ACC902658,ACC351974,1462.0,False
T100490,2023-05-05T13:50:34.219103,ACC546399,ACC819074,77.93,False
T100140,2023-07-27T08:15:22.529685,ACC809922,ACC666820,13.24,False
T1727255,2023-12-02T04:54:58.096093,ACC598765,ACC404620,31.33,True
T100746,2023-06-10T23:18:12.933175,ACC212024,ACC178042,407.17,False
T100983,2023-08-26T22:24:10.024348,ACC176287,ACC698336,670.18,False
T100626,2023-12-05T14:33:40.851084,ACC588969,ACC813999,313.79,False
T100793,2023-04-14T07:14:21.289661,ACC569661,ACC900611,295.48,False
T3201999,2023-11-11T04:29:30.999794,ACC665801,ACC860126,465.72,True
T100199,2023-05-26T00:29:10.461218,ACC136415,ACC626491,571.48,False
T100430,2023-03-30T03:06:07.068614,ACC193520,ACC121508,293.69,False
T100873,2023-02-11T11:08:40.837500,ACC854525,ACC390637,40.93,False
T100643,2023-08-17T09:07:24.016710,ACC696799,ACC181939,474.17,False
T4851548,2023-05-12T06:13:46.499861,ACC280850,ACC973484,1505.4,True
T100413,2023-03-21T16:45:12.435147,ACC283662,ACC324509,18.34,False
T100010,2023-08-04T00:35:03.745267,ACC717024,ACC330914,1237.07,False
T100147,2023-06-10T09:51:55.439086,ACC971662,ACC826490,513.73,False
T100494,2023-09-20T04:55:23.284198,ACC388820,ACC311500,1280.28,False
T100282,2023-11-08T17:30:09.089678,ACC243260,ACC403662,80.67,False
T100298,2023-06-29T03:18:04.499105,ACC836989,ACC704223,1521.26,False
T100560,2023-12-28T10:20:15.784972,ACC660563,ACC221828,1898.26,False
T100291,2023-02-06T00:12:18.590220,ACC169918,ACC145903,82.73,False
T3580438,2023-04-11T00:07:15.343509,ACC635935,ACC497448,1094.57,True
T100968,2023-12-18T06:46:47.677856,ACC223527,ACC249376,7.74,False
T3296288,2023-06-08T09:09:38.559965,ACC551839,ACC657279,208.28,True
T100561,2023-10-29T00:38:32.806017,ACC865960,ACC393276,12.44,False
T100529,2023-06-11T21:54:05.641795,ACC405221,ACC251857,0.01,False
T100331,2023-01-19T12:21:40.930044,ACC593602,ACC808308,120.85,False
T100323,2023-04-21T07:29:16.052933,ACC439658,ACC904291,226.83,False
T100620,2023-09-25T23:48:31.291209,ACC294069,ACC627685,0.54,False
T100394,2023-09-13T00:38:39.348057,ACC561023,ACC806242,582.22,False
T100514,2023-11-29T16:09:16.319281,ACC273878,ACC970055,41.64,False
T100135,2023-12-12T20:50:52.274832,ACC150871,ACC901467,1191.22,False
T1687367,2023-02-24T18:31:20.377587,ACC101433,ACC437603,5.66,True
T100425,2023-08-13T01:16:50.011425,ACC642085,ACC428215,83.7,False
T5014712,2023-05-24T23:02:14.848620,ACC134155,ACC388239,0.01,True
T4365198,2023-02-28T01:11:05.508767,ACC775308,ACC655797,116.6,True
T100598,2023-12-13T12:36:52.779100,ACC197784,ACC197795,1497.17,False
T4793447,2023-06-19T17:49:25.133897,ACC425972,ACC799189,598.69,True
T100984,2023-12-15T01:02:28.679004,ACC139623,ACC992204,27.88,False
T100158,2023-06-10T09:15:08.473097,ACC913308,ACC951327,346.19,False
T3255889,2023-07-11T14:24:20.581954,ACC922479,ACC292739,424.83,True
T1657393,2023-02-10T19:28:24.017972,ACC827122,ACC819864,206.24,True
T100597,2023-02-17T20:54:18.965628,ACC509376,ACC863481,364.15,False
T100558,2023-11-14T17:26:24.385000,ACC273558,ACC559008,24.53,False
T100875,2023-03-31T03:08:04.855019,ACC273688,ACC281973,247.27,False
T2596583,2023-12-24T12:02:37.664847,ACC236086,ACC560788,149.88,True
T699013,2023-04-13T11:04:58.307415,ACC655282,ACC950731,2078.45,True
T100551,2023-11-13T08:06:04.382079,ACC359369,ACC798698,13.12,False
T2157308,2023-02-10T12:45:36.823588,ACC236693,ACC572363,178.16,True
T100582,2023-12-31T16:48:11.527614,ACC178641,ACC259804,1.91,False
T100965,2023-10-14T17:43:46.033466,ACC502756,ACC767709,135.69,False
T1912616,2023-07-11T06:11:47.751245,ACC705923,ACC667912,35.47,True
T100422,2023-08-02T14:13:51.446873,ACC580419,ACC189903,983.32,False
T100420,2023-02-24T22:26:25.872285,ACC278386,ACC694797,919.82,False
T100096,2023-01-16T22:01:52.415642,ACC744718,ACC556068,40.97,False
T100976,2023-01-05T02:13:06.643921,ACC810968,ACC206594,68.65,False
T100423,2023-05-02T18:52:33.079287,ACC593808,ACC471512,1482.96,False
T1153102,2023-08-22T14:29:07.441275,ACC114740,ACC263735,15.12,True
T100410,2023-05-29T06:23:08.260132,ACC257246,ACC301238,624.53,False
T100583,2023-01-26T15:05:51.781310,ACC480977,ACC470533,0.01,False
T2041949,2023-12-30T00:04:33.168003,ACC435073,ACC876742,160.54,True
T100156,2023-06-28T11:00:27.808530,ACC692862,ACC132359,118.05,False
T100567,2023-02-24T15:01:05.624186,ACC400780,ACC336856,239.12,False
T100589,2023-11-24T04:49:10.959556,ACC458633,ACC889762,15.45,False
T4175556,2023-09-20T01:32:24.894156,ACC528511,ACC154355,585.54,True
T100549,2023-06-04T09:47:42.097806,ACC619640,ACC938672,52.59,False
T100390,2023-04-25T04:23:00.818946,ACC245766,ACC956727,291.87,False
T100573,2023-05-18T18:33:23.259671,ACC829937,ACC545339,99.24,False
T100807,2023-06-12T12:30:06.127635,ACC586032,ACC481220,13.31,False
T3950851,2023-06-30T16:02:58.064563,ACC941590,ACC681861,119.32,True
T100585,2023-11-08T17:48:13.359654,ACC494077,ACC265890,24.56,False
T3883915,2023-10-06T09:15:42.845902,ACC543325,ACC770740,456.68,True
T5022373,2023-09-28T23:19:54.812446,ACC975236,ACC451372,262.29,True
T100308,2023-03-29T21:33:38.446467,ACC547180,ACC427557,25.64,False
T100680,2023-06-01T14:20:33.542583,ACC868956,ACC360784,773.27,False
T100578,2023-07-17T18:08:05.766845,ACC322203,ACC726116,296.07,False
T4978614,2023-09-10T16:34:52.698401,ACC634332,ACC775322,208.46,True
T100785,2023-09-19T02:14:33.972814,ACC551758,ACC838425,600.23,False
T100730,2023-12-17T10:21:19.412999,ACC663443,ACC226858,711.55,False
T100715,2023-12-14T00:14:33.556192,ACC718820,ACC370361,850.85,False
T100352,2023-04-05T14:10:12.673271,ACC286572,ACC561976,0.01,False
T100905,2023-09-21T15:04:16.517600,ACC140316,ACC908305,315.25,False
T100124,2023-09-14T08:22:17.515673,ACC163182,ACC172371,19.44,False
T100178,2023-07-05T07:32:49.961113,ACC959793,ACC513507,1366.35,False
T100287,2023-05-16T15:27:08.245931,ACC360804,ACC265358,67.05,False
T1838095,2023-09-12T08:29:09.286130,ACC629084,ACC582837,6.35,True
T4285635,2023-07-31T19:33:59.695671,ACC828916,ACC793074,9.6,True
T100294,2023-10-08T10:38:33.933626,ACC475351,ACC807256,169.19,False
T100581,2023-07-09T09:47:41.946962,ACC738309,ACC783037,15.58,False
T100479,2023-03-30T04:48:24.441494,ACC905671,ACC954225,17.16,False
T2257411,2023-08-06T03:12:08.784368,ACC953584,ACC551505,5.63,True
T100707,2023-08-05T16:20:46.328388,ACC637085,ACC274467,12.07,False
T100886,2023-04-20T07:46:38.454048,ACC429824,ACC610888,213.15,False
T100236,2023-03-07T15:15:03.134726,ACC178086,ACC296059,0.01,False
T100088,2023-11-19T21:21:24.543971,ACC535050,ACC155843,44.59,False
T1897619,2023-10-07T00:18:14.064620,ACC921765,ACC721590,92.37,True
T100926,2023-01-18T20:39:24.520253,ACC554341,ACC586101,562.01,False
T100526,2023-09-06T08:37:58.361267,ACC730682,ACC397158,300.7,False
T100970,2023-10-12T04:26:06.149229,ACC667770,ACC256187,238.32,False
T2669759,2023-06-06T16:07:35.769999,ACC484451,ACC607525,54.03,True
T2640720,2023-05-07T15:38:13.137851,ACC414902,ACC508305,389.86,True
T100634,2023-07-10T00:38:44.282827,ACC314217,ACC208639,305.93,False
T2983137,2023-12-23T16:28:18.772622,ACC786074,ACC401296,103.02,True
T100799,2023-03-09T08:13:15.596183,ACC275496,ACC876043,14.63,False
T100290,2023-11-20T01:29:15.300128,ACC998450,ACC481760,417.72,False
T100285,2023-09-27T06:32:33.179887,ACC308855,ACC583220,1195.43,False
T2849677,2023-11-18T19:40:12.852393,ACC737342,ACC712779,472.56,True
T2282211,2023-08-10T06:37:55.680634,ACC638653,ACC846597,1872.34,True
T100543,2023-09-08T22:40:03.105160,ACC658271,ACC831782,896.05,False
T100818,2023-12-02T10:28:43.556964,ACC944601,ACC798585,27.06,False
T100266,2023-05-31T23:51:05.458963,ACC641593,ACC661671,1779.69,False
T100327,2023-10-11T23:26:37.785108,ACC565330,ACC630573,1051.36,False
T100348,2023-12-02T19:09:30.080516,ACC471015,ACC985249,77.78,False
T100478,2023-09-02T16:27:17.342889,ACC825447,ACC590106,13.1,False
T100059,2023-08-22T03:46:21.400794,ACC362801,ACC810687,397.02,False
T100405,2023-08-04T00:47:08.470806,ACC496086,ACC698059,66.18,False
T100909,2023-12-28T04:29:13.543130,ACC660033,ACC793411,4.25,False
T842005,2023-04-29T01:18:40.811691,ACC608912,ACC122709,16.66,True
T3664210,2023-09-06T03:11:47.705418,ACC652989,ACC322500,700.06,True
T100978,2023-07-06T08:57:11.246585,ACC552103,ACC388769,41.92,False
T100482,2023-02-13T10:00:05.327973,ACC933511,ACC298853,352.26,False
T1378524,2023-07-15T19:33:35.779149,ACC707347,ACC232233,560.98,True
T3413614,2023-02-02T22:15:45.461384,ACC799828,ACC204199,299.88,True
T100944,2023-03-06T12:21:02.559486,ACC625772,ACC751852,1315.52,False
T100552,2023-01-15T06:05:23.785303,ACC253311,ACC547011,1429.58,False
T100958,2023-03-14T00:37:26.118695,ACC265337,ACC326057,312.99,False
T100771,2023-10-05T14:43:15.796089,ACC767687,ACC222989,123.68,False
T100333,2023-03-09T19:10:22.467773,ACC446373,ACC927094,7.98,False
T100433,2023-12-27T02:28:17.045216,ACC415001,ACC982416,291.87,False
T1687649,2023-01-27T07:27:33.736157,ACC898156,ACC253896,24.14,True
T4242677,2023-05-19T11:34:02.203450,ACC197810,ACC838496,1237.83,True
T4422051,2023-06-15T13:34:36.350609,ACC496045,ACC579173,851.0,True
T100937,2023-03-19T11:14:17.293046,ACC535214,ACC213707,25.46,False
T100787,2023-09-24T09:07:26.250455,ACC193434,ACC198735,289.35,False
T476736,2023-07-01T20:28:25.901259,ACC270616,ACC823310,1685.46,True
T4098948,2023-05-12T14:45:15.643024,ACC686753,ACC612791,11.64,True
T1106186,2023-10-12T20:27:13.653337,ACC473119,ACC934820,1003.21,True
T3971457,2023-11-05T13:13:25.689886,ACC871916,ACC661559,376.8,True
T2335057,2023-02-21T11:53:13.115784,ACC538680,ACC983212,87.26,True
T100398,2023-04-13T13:49:14.126746,ACC903180,ACC710185,55.98,False
T100458,2023-07-29T16:40:27.812212,ACC423850,ACC688297,762.97,False
T100912,2023-09-02T03:39:56.851315,ACC923653,ACC187312,22.32,False
T100584,2023-05-14T01:00:56.475865,ACC520415,ACC528902,496.61,False
T100328,2023-09-05T04:02:36.417638,ACC315154,ACC859767,958.3,False
T100100,2023-03-24T02:21:23.578396,ACC930541,ACC245622,489.36,False
T100318,2023-05-30T18:55:33.469073,ACC730421,ACC729252,1326.28,False
T4995349,2023-10-06T14:19:24.909954,ACC827776,ACC978246,478.3,True
T100083,2023-04-25T01:37:48.075434,ACC832409,ACC794299,171.6,False
T100129,2023-12-11T13:17:49.020459,ACC499669,ACC923975,10.97,False
T100864,2023-06-24T10:33:01.329165,ACC693659,ACC272734,118.94,False
T100012,2023-10-20T08:11:25.422535,ACC360735,ACC300896,14.18,False
T100171,2023-09-01T23:51:25.598907,ACC876636,ACC284178,1091.38,False
T100260,2023-12-28T13:19:56.614291,ACC461083,ACC911801,80.95,False
T2669273,2023-12-16T01:38:01.353785,ACC991510,ACC204881,182.74,True
T100780,2023-05-10T07:17:05.810934,ACC503953,ACC208659,85.43,False
T100964,2023-12-09T04:15:48.852311,ACC575118,ACC367642,348.63,False
T100138,2023-02-04T15:03:51.939149,ACC495490,ACC679549,36.49,False
T3921925,2023-01-28T02:16:22.374078,ACC813964,ACC498274,195.15,True
T5078632,2023-08-10T22:23:16.994450,ACC972966,ACC296625,585.29,True
T100706,2023-06-23T03:29:28.929792,ACC364843,ACC858510,40.78,False
T100139,2023-04-10T00:47:33.582212,ACC817675,ACC393992,364.61,False
T4408614,2023-07-04T17:27:47.478410,ACC508839,ACC780504,39.61,True
T100224,2023-02-11T18:19:56.349531,ACC562094,ACC148205,1244.89,False
T100579,2023-12-11T09:08:24.283817,ACC473973,ACC888193,26.82,False
T100409,2023-02-24T02:14:04.970772,ACC882692,ACC818596,39.48,False
T100325,2023-01-08T13:58:24.423032,ACC818791,ACC447832,9.9,False
T100299,2023-08-21T04:51:03.681208,ACC501066,ACC156757,32.42,False
T100802,2023-11-26T02:41:24.925746,ACC510320,ACC498494,0.01,False
T100672,2023-09-23T21:41:15.109308,ACC264340,ACC631691,26.22,False
T100610,2023-04-11T17:08:24.954026,ACC519791,ACC183641,19.73,False
T2505106,2023-12-21T13:46:18.035945,ACC779059,ACC421957,459.59,True
T100859,2023-11-13T16:21:16.389439,ACC986611,ACC617316,327.04,False
T1549399,2023-04-25T23:53:40.703250,ACC224640,ACC556172,52.52,True
T100503,2023-08-26T16:31:05.378776,ACC146073,ACC170601,0.01,False
T100691,2023-08-02T16:56:34.990956,ACC485115,ACC754836,225.36,False
T100003,2023-10-10T06:04:43.195112,ACC996865,ACC344098,1666.22,False
T100679,2023-11-30T16:07:20.012142,ACC166547,ACC786745,803.34,False
T100467,2023-05-10T08:14:01.879402,ACC967661,ACC730520,74.25,False
T100321,2023-04-06T12:37:18.998931,ACC753518,ACC471042,57.84,False
T100005,2023-11-20T17:49:27.940971,ACC581141,ACC249811,58.77,False
T4106376,2023-03-24T18:11:50.984741,ACC617115,ACC580240,29.14,True
T1823292,2023-04-27T15:50:19.741099,ACC254781,ACC989736,89.55,True
T100039,2023-06-23T09:45:42.773520,ACC460455,ACC546173,14.91,False
T100542,2023-08-20T17:46:03.798171,ACC865411,ACC351696,450.76,False
T100242,2023-06-15T03:51:38.931832,ACC554059,ACC431773,976.33,False
T100136,2023-01-07T10:48:36.999988,ACC678440,ACC531319,648.12,False
T3006741,2023-03-20T00:15:41.567801,ACC602241,ACC911406,245.26,True
T100757,2023-02-11T11:03:11.025566,ACC116929,ACC107608,59.1,False
T100615,2023-02-08T17:35:08.744352,ACC329412,ACC481308,142.85,False
T142709,2023-01-12T03:10:14.591729,ACC465407,ACC688440,307.61,True
T1032294,2023-08-26T16:34:31.397351,ACC284180,ACC859338,15.8,True
T4221249,2023-02-14T18:42:48.785919,ACC862172,ACC642873,17.27,True
T100716,2023-04-03T12:22:58.109581,ACC807784,ACC410529,1071.62,False
T1996129,2023-02-25T16:30:10.802023,ACC323820,ACC552618,212.07,True
T100376,2023-11-15T11:54:46.147466,ACC975505,ACC644861,19.81,False
T100314,2023-04-18T12:07:00.458232,ACC823468,ACC642081,264.08,False
T100442,2023-02-07T08:54:59.889750,ACC617708,ACC418402,258.68,False
T100319,2023-02-09T22:51:20.795696,ACC269172,ACC804737,47.54,False
T4191668,2023-10-30T21:57:39.638332,ACC207565,ACC169537,1002.38,True
T100720,2023-09-05T21:06:15.338884,ACC105296,ACC526962,419.13,False
T100424,2023-07-04T06:49:16.619953,ACC590822,ACC238327,1689.9,False
T100553,2023-04-22T09:34:49.124431,ACC481237,ACC394184,23.26,False
T100810,2023-06-21T23:45:31.422194,ACC236896,ACC899665,25.09,False
T100700,2023-04-25T06:48:04.388517,ACC467719,ACC223432,40.63,False
T4385311,2023-09-07T00:12:20.067935,ACC171298,ACC862580,938.11,True
T2564436,2023-10-24T06:05:37.693373,ACC388141,ACC448425,607.38,True
T100227,2023-02-08T00:09:19.786198,ACC137572,ACC684194,794.01,False
T1935611,2023-02-23T15:41:11.230953,ACC570806,ACC999812,17.04,True
T100974,2023-08-07T02:41:35.541693,ACC120407,ACC682446,875.31,False
T100888,2023-05-17T23:33:08.004434,ACC587681,ACC505334,66.93,False
T100628,2023-06-07T18:45:53.518615,ACC404928,ACC329489,1068.95,False
T100066,2023-08-30T06:51:53.816949,ACC238205,ACC115582,13.09,False
T100952,2023-08-12T14:26:03.454650,ACC164518,ACC806402,4.56,False
T100982,2023-03-24T04:26:09.405115,ACC443818,ACC806617,0.01,False
T100211,2023-12-13T01:02:55.717796,ACC786224,ACC193637,781.64,False
T100934,2023-11-21T01:13:19.470627,ACC193019,ACC628168,168.09,False
T100710,2023-05-27T08:58:47.921259,ACC396951,ACC959613,288.73,False
T100536,2023-02-17T16:35:27.335795,ACC542514,ACC177971,21.48,False
T100650,2023-12-09T18:07:20.812531,ACC618970,ACC839513,8.07,False
T1930796,2023-12-19T10:31:19.699922,ACC469966,ACC477987,59.33,True
T100085,2023-03-02T03:17:08.080421,ACC908554,ACC755087,261.73,False
T2806667,2023-04-12T01:27:10.864238,ACC967201,ACC818342,13.75,True
T4322029,2023-06-10T10:09:10.448738,ACC693474,ACC835634,546.54,True
T1752676,2023-01-08T06:37:14.989350,ACC535065,ACC449245,13.08,True
T100602,2023-12-30T22:27:52.513390,ACC673028,ACC105258,307.28,False
T1566199,2023-08-22T05:45:08.391274,ACC449129,ACC124026,63.09,True
T100948,2023-07-08T17:12:39.392439,ACC853067,ACC900957,443.45,False
T937052,2023-04-04T15:29:31.398631,ACC536062,ACC241667,179.11,True
T100904,2023-09-30T22:39:49.704580,ACC542864,ACC790387,35.0,False
T100273,2023-05-27T08:00:02.377162,ACC271276,ACC162952,220.78,False
T100847,2023-09-20T15:18:30.718351,ACC940896,ACC380268,1262.64,False
T100362,2023-08-07T13:20:32.868598,ACC624170,ACC741780,1643.7,False
T100002,2023-05-12T11:39:33.742963,ACC733052,ACC377370,2773.86,False
T100006,2023-11-11T11:15:41.359248,ACC757924,ACC267753,59.51,False
T100311,2023-11-08T15:39:13.782235,ACC596864,ACC244192,366.64,False
T100973,2023-08-22T00:31:30.854870,ACC117634,ACC619326,5.4,False
T3054166,2023-11-28T13:33:03.347508,ACC460295,ACC960921,286.55,True
T5002510,2023-10-24T11:39:55.125101,ACC813924,ACC335786,197.69,True
T100215,2023-08-18T00:46:38.982588,ACC337256,ACC827213,18.38,False
T100704,2023-12-04T04:00:49.457842,ACC790311,ACC761770,133.1,False
T100027,2023-02-24T18:43:29.938799,ACC105814,ACC887443,1426.59,False
T4513303,2023-02-25T09:11:58.715747,ACC390010,ACC245997,548.08,True
T2582325,2023-07-29T23:48:45.885135,ACC334606,ACC640551,19.75,True
T100967,2023-08-23T12:21:32.286368,ACC885673,ACC326394,7.12,False
T4073013,2023-01-24T15:03:51.883525,ACC795796,ACC493651,910.83,True
T4496652,2023-12-22T01:28:12.064514,ACC978568,ACC430764,27.73,True
T100770,2023-08-25T07:42:04.723609,ACC720145,ACC302764,456.1,False
T100256,2023-01-07T17:05:19.013694,ACC628859,ACC817611,12.87,False
T100025,2023-06-07T15:49:12.698079,ACC736130,ACC786508,10.49,False
T100336,2023-03-06T19:17:03.333399,ACC172988,ACC727320,673.21,False
T100572,2023-12-16T15:42:50.966710,ACC162471,ACC466317,9.55,False
T100047,2023-12-31T10:14:32.497473,ACC765620,ACC953797,104.16,False
T100106,2023-02-05T17:04:12.275150,ACC502810,ACC745270,86.85,False
T100349,2023-07-20T18:05:09.547216,ACC108887,ACC972089,142.62,False
T100055,2023-10-06T10:50:18.638267,ACC205389,ACC565230,0.01,False
T100733,2023-04-16T13:39:02.046419,ACC488865,ACC690913,8.85,False
T100213,2023-04-27T09:31:08.720410,ACC289117,ACC916779,1474.25,False
T100120,2023-05-21T14:06:41.984359,ACC890371,ACC379963,10.01,False
T4120961,2023-01-09T02:42:05.761092,ACC112961,ACC226583,5.66,True
T100669,2023-05-07T23:44:51.316691,ACC224309,ACC401825,5.69,False
T100072,2023-03-08T18:26:41.245358,ACC899444,ACC423993,6.1,False
T100718,2023-05-17T05:41:13.488505,ACC738953,ACC858970,282.04,False
T100654,2023-12-04T02:50:25.659406,ACC949602,ACC889911,0.01,False
T100045,2023-11-28T17:41:03.336225,ACC174878,ACC162535,411.53,False
T1855012,2024-01-01T09:56:03.013846,ACC897942,ACC486238,266.26,True
T100523,2023-12-04T15:10:08.386658,ACC860652,ACC615856,971.9,False
T100788,2023-09-16T11:37:24.434147,ACC623954,ACC195142,215.09,False
T100783,2023-10-19T03:04:48.019984,ACC235019,ACC201314,1.81,False
T100721,2023-08-13T02:44:37.692213,ACC846621,ACC738914,78.57,False
T100533,2023-11-03T06:22:51.279846,ACC848420,ACC958602,966.98,False
T100603,2023-02-20T15:49:46.483663,ACC863094,ACC825196,437.32,False
T100465,2023-11-17T19:43:35.825414,ACC740098,ACC629342,13.32,False
T4258823,2023-11-29T13:01:26.578868,ACC893948,ACC448022,343.97,True
T3295122,2023-07-17T13:13:14.432719,ACC167775,ACC675083,377.13,True
T100705,2023-06-04T05:31:55.205527,ACC453026,ACC779352,559.81,False
T1265754,2023-12-19T02:40:35.220457,ACC193950,ACC778420,105.1,True
T100060,2023-03-06T06:36:25.261532,ACC924718,ACC665610,25.72,False
T100092,2023-03-30T21:15:47.151426,ACC758775,ACC208699,23.32,False
T4284601,2023-04-24T06:38:30.905277,ACC192354,ACC791341,587.83,True
T100194,2023-11-21T07:16:40.459269,ACC867541,ACC178645,1286.73,False
T100280,2023-07-11T04:15:00.958051,ACC460589,ACC400692,29.22,False
T100359,2023-08-06T23:00:07.511923,ACC331287,ACC166175,599.36,False
T100519,2023-05-19T04:05:48.179448,ACC473323,ACC446297,596.61,False
T100737,2023-12-15T03:46:03.508233,ACC170461,ACC384660,1397.98,False
T2174050,2023-03-13T14:22:41.650826,ACC243347,ACC970106,589.74,True
T100182,2023-09-09T07:51:32.023553,ACC188121,ACC710610,30.2,False
T100110,2023-06-17T14:13:11.205545,ACC640546,ACC246570,36.85,False
T100989,2023-03-09T07:11:27.280437,ACC512272,ACC583064,17.12,False
T100829,2023-10-22T18:24:31.438177,ACC487519,ACC692789,91.74,False
T100204,2023-09-29T02:40:35.178741,ACC492073,ACC960899,1036.56,False
T100743,2023-04-29T10:11:06.538649,ACC903625,ACC515487,883.86,False
T100052,2023-06-13T14:45:18.587010,ACC461888,ACC448588,21.18,False
T100545,2023-06-26T16:10:20.003221,ACC323415,ACC102342,72.12,False
T100900,2023-06-19T02:04:05.979757,ACC265039,ACC774720,1293.87,False
T100811,2023-12-17T00:41:58.829709,ACC981515,ACC169230,53.13,False
T2357985,2023-09-07T20:08:48.205176,ACC383753,ACC858514,64.2,True
T4268145,2023-07-24T04:57:59.300883,ACC173198,ACC847346,1420.3,True
T100183,2023-03-04T01:35:07.686480,ACC554197,ACC961599,6.19,False
T100137,2023-03-12T17:19:29.349288,ACC364679,ACC954814,4.68,False
T100881,2023-04-25T09:36:05.467170,ACC170022,ACC343076,1538.44,False
T100080,2023-01-28T15:54:36.533081,ACC573866,ACC139434,921.97,False
T4011871,2023-11-16T12:49:47.105184,ACC247907,ACC264213,1167.56,True
T100105,2023-04-26T00:13:21.696251,ACC434827,ACC869864,24.58,False
T100541,2023-09-16T04:27:07.345621,ACC560282,ACC471197,221.1,False
T100693,2023-04-29T01:26:23.253946,ACC243628,ACC636561,85.28,False
T100480,2023-04-17T07:26:51.528521,ACC762002,ACC714136,18.72,False
T100165,2023-01-27T08:27:21.439111,ACC193670,ACC866260,745.63,False
T100248,2023-08-24T17:01:55.386327,ACC982683,ACC394247,623.54,False
T100307,2023-04-11T17:41:37.406535,ACC756190,ACC370196,33.52,False
T100446,2023-05-13T12:14:10.465229,ACC357374,ACC258975,1.12,False
T100678,2023-05-05T02:00:43.335853,ACC423496,ACC569380,100.08,False
T100334,2023-08-09T18:53:47.138459,ACC632623,ACC207932,77.43,False
T100097,2023-03-28T23:19:10.316936,ACC484123,ACC479742,83.44,False
T100998,2023-12-16T19:07:29.463290,ACC187008,ACC951881,190.31,False
T100855,2023-12-30T13:01:53.950308,ACC140550,ACC611126,965.06,False
T100102,2023-07-03T14:05:12.369467,ACC971776,ACC230192,244.53,False
T100434,2023-05-11T11:48:31.997310,ACC185741,ACC905984,2237.25,False
T1136871,2023-11-06T19:24:58.431663,ACC264353,ACC571238,1223.66,True
T1983120,2023-04-05T01:03:49.588657,ACC173597,ACC918322,304.02,True
T100796,2023-07-01T12:36:38.972235,ACC771530,ACC742794,765.29,False
T716159,2023-10-17T21:11:32.967702,ACC886621,ACC360852,417.08,True
T100302,2023-05-08T13:10:36.573512,ACC461260,ACC722725,878.91,False
T2082649,2023-11-03T01:43:44.714625,ACC826035,ACC331213,11.09,True
T4790433,2023-12-11T19:55:59.982402,ACC486498,ACC650351,9.7,True
T100388,2023-08-07T18:09:33.821954,ACC670123,ACC438277,29.15,False
T100235,2023-05-23T07:58:43.399574,ACC427841,ACC678944,698.99,False
T1089822,2023-08-24T22:16:22.318073,ACC674159,ACC346813,115.99,True
T2169038,2023-07-09T06:13:59.895479,ACC186300,ACC491999,21.77,True
T100305,2023-08-31T20:43:08.864071,ACC477717,ACC213132,1061.88,False
T100117,2023-06-02T17:40:20.800078,ACC138105,ACC976822,57.55,False
T3591726,2023-09-05T09:39:23.660926,ACC580783,ACC943870,532.66,True
T100673,2023-02-20T11:01:19.677282,ACC330906,ACC806056,202.18,False
T100249,2023-08-27T20:14:07.080411,ACC483588,ACC511564,157.24,False
T4173957,2023-03-31T22:43:32.365778,ACC896558,ACC418952,517.06,True
T1623198,2023-12-09T12:28:19.409976,ACC881157,ACC654136,23.27,True
T100071,2023-07-31T04:33:58.395942,ACC262246,ACC788637,60.75,False
T100094,2023-11-13T10:23:34.465934,ACC386488,ACC230521,12.51,False
T2928719,2023-07-05T23:14:18.664463,ACC480907,ACC549560,1711.19,True
T100033,2023-03-23T22:11:10.218138,ACC919182,ACC783414,1067.98,False
T1610485,2023-05-01T21:35:50.213394,ACC806251,ACC242310,102.24,True
T100448,2023-05-28T14:32:40.869441,ACC834831,ACC680502,15.77,False
T100445,2023-05-03T07:09:42.918258,ACC228957,ACC989816,78.47,False
T3540096,2023-08-01T20:20:45.499307,ACC580881,ACC197669,1381.24,True
T5052659,2023-02-10T11:17:28.788668,ACC735217,ACC797669,11.15,True
T100817,2023-09-12T18:27:33.708840,ACC484611,ACC942159,16.97,False
T100950,2023-04-18T06:38:16.107446,ACC508819,ACC264282,31.06,False
T100077,2023-01-09T00:42:12.445404,ACC280222,ACC940247,83.34,False
T100084,2023-04-23T23:40:00.385535,ACC458332,ACC903373,117.37,False
T100755,2023-01-11T05:42:47.722491,ACC995681,ACC875854,236.8,False
T100082,2023-05-30T14:49:11.711591,ACC811875,ACC726928,1309.83,False
T100457,2023-02-03T09:23:57.234620,ACC796781,ACC753880,4.87,False
T100676,2023-08-30T21:47:00.034481,ACC284753,ACC587310,63.86,False
T100893,2023-08-14T14:09:12.896420,ACC991912,ACC591704,3.42,False
T2113229,2023-07-18T20:16:06.367696,ACC173810,ACC114093,120.25,True
T100436,2023-11-15T01:31:02.509890,ACC731124,ACC861173,232.68,False
T100644,2023-05-23T23:08:07.266201,ACC171253,ACC265531,50.56,False
T100744,2023-05-16T17:07:49.102427,ACC449933,ACC862010,21.67,False
T100820,2023-01-03T06:38:54.038136,ACC344397,ACC320430,0.01,False
T4701900,2023-09-08T23:27:52.817912,ACC227167,ACC844966,1451.66,True
T100404,2023-04-02T05:05:52.926760,ACC427260,ACC721314,0.01,False
T1768490,2023-03-15T05:52:55.677070,ACC733931,ACC737896,183.64,True
T100846,2023-09-15T04:12:00.509950,ACC166357,ACC866964,0.01,False
T100899,2023-05-01T13:02:29.874859,ACC711176,ACC186345,888.92,False
T100104,2023-11-22T04:36:45.653374,ACC403742,ACC773088,42.91,False
T100609,2023-08-24T16:31:10.165884,ACC104872,ACC584202,16.71,False
T100752,2023-03-09T01:27:45.655743,ACC456316,ACC576102,88.22,False
T100946,2023-05-14T21:00:18.799407,ACC923278,ACC704845,85.31,False
T100844,2023-12-06T21:11:47.696988,ACC566679,ACC499948,398.91,False
T100062,2023-06-22T21:08:14.508663,ACC688678,ACC443939,467.77,False
T100281,2023-05-25T07:01:41.582902,ACC849666,ACC872924,51.93,False
T100918,2023-12-07T18:09:15.743156,ACC728669,ACC992935,1425.74,False
T100238,2023-02-03T20:26:34.989022,ACC323717,ACC795556,18.15,False
T100223,2023-09-12T03:26:53.131446,ACC985364,ACC267138,1733.78,False
T100145,2023-02-19T10:53:17.681866,ACC514913,ACC448354,174.88,False
T5036530,2023-04-12T17:34:06.802428,ACC904021,ACC391436,1037.92,True
T100373,2023-07-04T08:14:16.497756,ACC390607,ACC157105,520.76,False
T100118,2023-06-30T10:40:22.087900,ACC992400,ACC628705,124.67,False
T3758652,2023-08-18T04:30:21.189411,ACC740201,ACC345564,542.08,True
T100250,2023-02-28T20:47:18.171350,ACC693297,ACC791444,296.9,False
T3572984,2023-04-22T14:20:59.613300,ACC374690,ACC628566,50.33,True
T100009,2023-07-13T09:25:20.560022,ACC543692,ACC322086,203.05,False
T100449,2023-10-11T09:30:24.951204,ACC188374,ACC138766,27.05,False
T100708,2023-03-02T08:23:47.867820,ACC790601,ACC254655,277.92,False
T100255,2023-03-22T14:37:37.264119,ACC730025,ACC249644,435.98,False
T100593,2023-12-05T16:48:57.614003,ACC549192,ACC491246,307.79,False
T100389,2023-12-03T08:08:55.057850,ACC207392,ACC328459,348.8,False
T100869,2023-09-09T06:01:32.220171,ACC847237,ACC669141,17.93,False
T2193088,2023-11-30T19:36:56.700131,ACC196607,ACC556412,17.92,True
T100557,2023-01-26T06:07:35.125956,ACC649205,ACC628345,1085.04,False
T2687732,2023-04-26T16:20:08.945148,ACC791882,ACC529195,73.54,True
T100460,2023-02-03T08:22:47.084070,ACC668096,ACC276324,26.02,False
T100723,2023-04-17T22:22:11.470268,ACC573431,ACC807265,28.62,False
T4378390,2023-07-15T00:42:38.294466,ACC807756,ACC882309,0.01,True
T100144,2023-04-09T11:43:48.433887,ACC617077,ACC253023,1607.46,False
T100501,2023-01-06T20:29:48.348214,ACC115267,ACC453492,268.03,False
T3630933,2023-08-13T00:20:34.575389,ACC365763,ACC357688,1537.77,True
T100739,2023-10-16T10:32:28.577455,ACC305967,ACC601532,999.1,False
T1801673,2023-02-15T13:34:42.829163,ACC903901,ACC106737,260.35,True
T100731,2023-11-06T22:20:11.598323,ACC890183,ACC930072,753.54,False
T100539,2023-03-07T02:24:24.556394,ACC421440,ACC717429,405.23,False
T100177,2023-07-13T16:10:29.726997,ACC540208,ACC615929,968.35,False
T4968726,2023-11-25T23:11:13.678419,ACC993582,ACC408754,707.44,True
T100697,2023-12-31T19:44:55.024666,ACC576557,ACC614117,382.07,False
T534947,2023-04-18T11:31:21.390220,ACC382062,ACC690067,9.95,True
T4618970,2023-06-11T11:27:13.964833,ACC851204,ACC423919,173.38,True
T100910,2023-08-25T17:20:40.240129,ACC121695,ACC204291,116.21,False
T1669035,2023-05-31T07:46:10.528478,ACC819566,ACC709976,26.88,True
T413376,2023-08-10T08:23:15.311696,ACC316584,ACC285791,9.08,True
T100007,2023-06-09T06:32:36.945101,ACC103402,ACC857168,29.79,False
T100782,2023-03-10T13:52:06.453521,ACC709113,ACC519028,9.04,False
T100667,2023-09-14T11:59:45.403288,ACC292362,ACC858862,591.22,False
T3060511,2023-07-08T04:29:30.920328,ACC980185,ACC370583,75.37,True
T100357,2023-01-14T13:29:37.954284,ACC454123,ACC926045,1266.68,False
T100939,2023-12-13T17:10:06.644999,ACC687270,ACC602605,28.27,False
T100329,2023-10-08T14:44:18.311732,ACC427659,ACC123572,44.44,False
T100985,2023-06-15T15:19:32.338316,ACC632188,ACC580127,811.22,False
T3319337,2023-04-23T20:16:42.148590,ACC806432,ACC262752,54.83,True
T3089435,2023-07-28T03:52:29.302390,ACC282407,ACC132931,6.68,True
T100258,2023-04-04T04:34:40.536633,ACC187889,ACC397026,70.21,False
T1853884,2023-07-04T13:15:20.245410,ACC986126,ACC469902,7.11,True
T100372,2023-03-06T16:20:32.826894,ACC839113,ACC170260,501.52,False
T2139194,2023-01-16T00:27:20.619413,ACC358809,ACC467210,27.88,True
T100838,2023-10-06T17:48:47.813961,ACC338442,ACC350887,1569.47,False
T100142,2023-09-28T09:22:49.193166,ACC478221,ACC211726,1014.57,False
T100525,2023-04-28T03:04:21.304998,ACC936258,ACC812299,483.77,False
T3133975,2023-11-21T15:41:15.525221,ACC347592,ACC927412,6.46,True
T100914,2023-10-11T06:32:21.159094,ACC831229,ACC170150,94.49,False
T3428919,2023-10-23T03:31:13.999082,ACC463626,ACC260410,238.52,True
T2330732,2023-01-13T13:51:00.365891,ACC144113,ACC686676,948.55,True
T100440,2023-07-01T10:20:59.607808,ACC463608,ACC570103,122.58,False
T100531,2023-04-12T06:53:33.045517,ACC566740,ACC485166,763.44,False
T3116086,2023-12-11T03:16:08.596739,ACC264913,ACC305532,319.83,True
T100226,2023-01-19T16:04:20.133309,ACC677236,ACC774567,68.78,False
T100953,2023-05-25T08:44:49.951083,ACC945891,ACC248285,505.22,False
T100228,2023-09-20T00:55:28.836522,ACC850689,ACC574514,1526.1,False
T3053698,2023-06-02T23:04:18.493602,ACC597726,ACC922740,488.5,True
T2992895,2023-08-24T09:23:12.630157,ACC840934,ACC832441,9.68,True
T100212,2023-11-13T23:36:21.306624,ACC708502,ACC750803,1095.17,False
T100079,2023-10-04T02:56:43.544989,ACC570711,ACC814220,98.6,False
T100148,2023-12-29T05:32:14.576884,ACC710527,ACC520274,26.43,False
T1578481,2023-12-08T09:34:58.782696,ACC964391,ACC513746,109.03,True
T100671,2023-12-02T23:38:16.404153,ACC840632,ACC985778,979.01,False
T1313365,2023-11-29T17:14:16.321747,ACC154268,ACC463792,31.1,True
T100988,2023-01-20T06:23:56.028437,ACC131350,ACC795803,23.74,False
T1780805,2023-11-20T16:31:32.871018,ACC125631,ACC194977,1525.91,True
T100133,2023-10-06T09:52:11.176151,ACC312994,ACC488712,16.25,False
T3561551,2023-09-20T04:02:31.305301,ACC317458,ACC308128,153.19,True
T100408,2023-08-17T16:41:00.792731,ACC804181,ACC900527,103.64,False
T100936,2023-02-13T23:35:44.777517,ACC314081,ACC484452,33.04,False
T100507,2023-07-17T17:22:15.415051,ACC360401,ACC940383,413.67,False
T1058889,2023-06-14T15:29:35.265988,ACC811287,ACC612155,1002.42,True
T100504,2023-09-06T08:24:30.873939,ACC239388,ACC448176,406.72,False
T100940,2023-07-11T17:39:52.692368,ACC372271,ACC373825,9.31,False
T100347,2023-10-01T01:16:43.599430,ACC345011,ACC498249,2.01,False
T100386,2023-12-30T00:21:24.039510,ACC727983,ACC881782,13.35,False
T100000,2023-08-22T09:22:43.516168,ACC877572,ACC388389,343.78,False
T100360,2023-05-03T14:00:45.555760,ACC387198,ACC248097,85.14,False
T2336729,2023-11-29T20:55:36.410710,ACC768498,ACC595683,5.16,True
T100475,2023-06-16T01:52:57.076448,ACC933790,ACC548901,706.02,False
T2827727,2023-12-30T01:53:15.049354,ACC792888,ACC929057,1302.95,True
T100057,2023-11-26T19:35:40.382614,ACC673149,ACC265649,1401.61,False
T100637,2023-11-19T16:02:09.210968,ACC390354,ACC109563,458.62,False
T4741966,2023-02-15T09:49:16.604653,ACC788778,ACC143420,314.26,True
T100979,2023-03-04T08:59:14.537654,ACC178830,ACC114694,302.67,False
T100865,2023-06-14T11:29:46.488329,ACC884972,ACC233511,42.9,False
T100172,2023-09-25T15:31:04.573136,ACC908903,ACC130782,66.56,False
T100450,2023-11-22T16:11:50.656273,ACC721285,ACC371256,653.95,False
T100125,2023-09-08T01:43:04.446946,ACC665497,ACC239449,15.08,False
T100889,2023-12-29T06:47:31.773103,ACC880494,ACC845647,8.63,False
T100530,2023-02-05T16:22:41.273295,ACC288358,ACC155021,461.52,False
T100713,2023-08-28T21:24:32.288003,ACC942583,ACC946112,61.8,False
T100090,2023-04-20T23:05:04.072471,ACC350021,ACC540218,67.03,False
T2602778,2023-09-06T10:56:33.339102,ACC655228,ACC133519,6.43,True
T100181,2023-12-15T02:21:58.592794,ACC682959,ACC884417,220.91,False
T100915,2023-08-26T07:45:33.786586,ACC886151,ACC978202,1512.27,False
T100786,2023-10-08T13:47:24.688413,ACC715380,ACC429733,1491.25,False
T100414,2023-12-18T18:38:32.561156,ACC480631,ACC598306,9.0,False
T100251,2023-12-02T01:49:15.706966,ACC141843,ACC780027,63.63,False
T100069,2023-06-15T02:37:15.829881,ACC533914,ACC455395,65.94,False
T100803,2023-02-22T17:51:49.761522,ACC159468,ACC216775,792.6,False
T100131,2023-09-04T16:21:57.689132,ACC141468,ACC176319,563.0,False
T100300,2023-02-03T10:07:35.991451,ACC403859,ACC924566,3.17,False
T100932,2023-11-13T12:59:29.870649,ACC589771,ACC532390,126.97,False
T100326,2023-09-15T20:07:54.380059,ACC844321,ACC133164,12.26,False
T1599605,2023-10-01T08:25:36.573982,ACC145938,ACC268532,471.23,True
T3628306,2023-06-13T17:56:33.509805,ACC708543,ACC252533,52.37,True
T100499,2023-03-06T19:35:33.540649,ACC660625,ACC877462,25.25,False
T100922,2023-07-19T21:39:31.072665,ACC550597,ACC321257,22.51,False
T100832,2023-04-01T20:05:24.006461,ACC103201,ACC443109,35.52,False
T100364,2023-08-14T17:20:15.036101,ACC145421,ACC209493,1384.5,False
T100495,2023-04-16T16:06:26.051566,ACC463627,ACC834335,25.16,False
T1913423,2023-04-26T15:10:34.951965,ACC216786,ACC228776,9.25,True
T100338,2023-11-08T04:56:43.339176,ACC487158,ACC675547,900.19,False
T100421,2023-06-07T16:15:47.656565,ACC729232,ACC326037,18.38,False
T100164,2023-06-06T18:03:46.947661,ACC837880,ACC199807,1400.15,False
T100028,2023-12-28T08:56:16.399904,ACC432711,ACC891937,232.33,False
T100516,2023-03-10T04:51:51.622939,ACC307639,ACC610102,147.64,False
T100193,2023-10-16T15:16:29.105802,ACC782591,ACC895075,589.43,False
T100882,2023-10-10T10:02:45.979633,ACC956990,ACC921185,345.82,False
T4141483,2023-03-29T01:28:17.769121,ACC640829,ACC992391,1898.96,True
T2981835,2023-09-26T09:15:20.585579,ACC296247,ACC842908,34.79,True
T100169,2023-01-06T06:49:49.473673,ACC141761,ACC163406,1.88,False
T3043642,2023-05-18T05:31:39.474236,ACC824568,ACC684464,0.01,True
T100652,2023-12-24T20:29:20.325502,ACC561664,ACC781478,47.24,False
T100173,2023-02-27T13:02:07.564005,ACC701790,ACC806866,0.01,False
T100518,2023-08-31T21:13:23.368759,ACC201546,ACC321321,650.37,False
T3659446,2023-01-10T16:22:20.967219,ACC570099,ACC866256,183.63,True
T3841407,2023-09-25T18:34:22.714982,ACC494934,ACC465560,274.87,True
T100491,2023-07-15T08:08:14.954713,ACC597840,ACC213915,31.12,False
T100073,2023-06-15T18:56:13.654664,ACC488028,ACC426775,12.32,False
T3626131,2023-08-05T04:35:13.500724,ACC698041,ACC497450,10.86,True
T100587,2023-07-19T13:54:41.408401,ACC252582,ACC771315,0.01,False
T100750,2023-05-26T06:39:28.490690,ACC936865,ACC150364,1111.97,False
T100657,2023-05-30T21:25:52.972230,ACC183410,ACC389874,9.13,False
T100842,2023-11-21T00:04:22.318458,ACC478471,ACC586308,1346.03,False
T100234,2023-09-07T14:29:57.404773,ACC980155,ACC165046,8.43,False
T100732,2023-08-23T10:13:53.780898,ACC580501,ACC843527,167.53,False
T100214,2023-10-14T16:26:51.122083,ACC235691,ACC744328,29.9,False
T100162,2023-07-19T22:26:25.045803,ACC693643,ACC993829,171.08,False
T100132,2023-12-01T16:30:20.735115,ACC733760,ACC837954,492.52,False
T3702730,2023-07-22T22:20:31.670683,ACC100289,ACC156563,8.73,True
T100222,2023-12-15T22:34:51.639135,ACC868677,ACC197466,20.41,False
T4720040,2023-07-04T16:03:39.150546,ACC612784,ACC660872,1217.35,True
T100185,2023-07-19T08:58:33.531090,ACC460745,ACC693128,19.35,False
T100041,2023-02-07T10:40:04.029099,ACC701949,ACC398151,28.53,False
T100692,2023-10-19T14:42:28.993765,ACC776153,ACC903266,35.8,False
T100108,2023-02-19T05:16:12.393742,ACC862847,ACC483545,385.5,False
T100038,2023-07-23T12:43:45.856472,ACC300337,ACC189771,238.44,False
T100568,2023-05-12T15:55:23.343666,ACC145452,ACC733870,472.62,False
T100966,2023-03-09T19:12:08.181963,ACC408733,ACC918443,297.94,False
T5004905,2023-10-17T21:35:23.467650,ACC268217,ACC419209,16.22,True
T3344443,2023-12-16T08:21:59.297081,ACC996445,ACC713886,7.32,True
T100483,2023-01-20T18:32:55.037797,ACC232601,ACC992865,131.49,False
T100468,2023-10-05T16:46:04.607515,ACC843647,ACC475202,110.39,False
T100890,2023-05-15T23:23:44.072260,ACC714068,ACC229287,55.58,False
T100024,2023-04-24T10:20:01.107412,ACC442027,ACC521947,7.02,False
T100916,2023-02-13T18:02:12.028052,ACC924334,ACC975798,3.86,False
T100945,2023-08-21T11:12:39.437856,ACC479025,ACC859063,22.95,False
T100068,2023-11-25T15:34:36.704936,ACC737846,ACC255539,125.4,False
T100884,2023-03-06T01:16:12.893789,ACC848085,ACC360272,387.74,False
T4470151,2023-02-14T01:25:36.780290,ACC136438,ACC412156,978.89,True
T100366,2023-12-06T06:17:28.104142,ACC286710,ACC506145,17.36,False
T100505,2023-04-24T16:30:50.353830,ACC549312,ACC894029,434.88,False
T100850,2023-10-03T23:26:27.745093,ACC272256,ACC144832,38.11,False
T1260864,2023-07-03T05:47:11.229673,ACC959178,ACC604853,27.39,True
T100383,2023-11-02T18:04:51.683570,ACC190259,ACC250616,178.45,False
T100734,2023-11-10T22:07:59.534925,ACC767693,ACC338989,713.87,False
T100717,2023-03-06T16:02:48.318708,ACC199166,ACC232177,281.77,False
T1738014,2023-11-15T23:36:15.889714,ACC680605,ACC672747,1310.66,True
T100454,2023-10-01T04:18:27.507221,ACC487272,ACC224535,28.78,False
T100264,2023-05-08T03:52:54.402266,ACC337288,ACC735818,228.25,False
T100075,2023-03-16T20:44:47.649619,ACC904624,ACC243901,18.72,False
T100232,2023-04-21T00:28:44.623954,ACC674416,ACC429159,428.56,False
T100444,2023-12-18T11:47:19.230798,ACC211035,ACC919621,0.01,False
T100395,2023-02-20T01:35:32.497341,ACC838963,ACC402274,0.01,False
T100611,2023-02-21T01:18:48.776577,ACC820999,ACC859434,56.89,False
T100176,2023-08-05T14:12:45.325681,ACC910143,ACC913575,494.45,False
T100018,2023-03-17T03:30:44.841559,ACC994343,ACC376807,4.49,False
T1299640,2023-10-18T03:17:40.048375,ACC602725,ACC530638,1814.34,True
T100986,2023-07-17T17:00:21.913256,ACC295833,ACC127491,65.8,False
T100341,2023-03-24T22:29:25.603017,ACC733941,ACC107790,2.72,False
T100999,2023-08-23T16:37:06.137292,ACC938139,ACC441813,42.08,False
T100879,2023-11-28T22:29:13.881547,ACC558607,ACC367309,17.8,False
T100595,2023-06-01T13:18:30.029466,ACC838024,ACC922749,105.21,False
T100061,2023-12-20T18:16:58.750854,ACC483542,ACC194689,86.37,False
T4542931,2023-12-06T03:42:52.413516,ACC926990,ACC776150,12.71,True
T100272,2023-03-14T12:30:49.521024,ACC256812,ACC595962,538.54,False
T2545551,2023-07-23T10:06:19.777205,ACC192562,ACC858966,433.22,True
T100872,2023-04-25T11:07:25.486549,ACC289902,ACC228887,25.19,False
T3179529,2023-07-19T09:52:02.471504,ACC947352,ACC167933,11.51,True
T2671036,2023-06-17T21:52:45.082643,ACC456836,ACC707125,990.29,True
T100278,2023-06-11T22:05:07.220005,ACC237654,ACC652329,55.16,False
T2782645,2023-02-05T10:21:38.483358,ACC106873,ACC800175,725.13,True
T100694,2023-05-11T05:43:36.108094,ACC432369,ACC656464,994.04,False
T100368,2023-01-06T20:03:13.633469,ACC871939,ACC358635,11.52,False
T4238840,2023-12-12T10:53:58.431176,ACC391164,ACC720953,1205.84,True
T100036,2023-12-18T12:29:56.719679,ACC968962,ACC582071,211.42,False
T100735,2023-05-18T06:24:58.426771,ACC779872,ACC277336,27.86,False
T5025489,2023-08-26T15:48:24.135001,ACC330179,ACC677001,372.77,True
T100662,2023-11-07T00:55:58.437453,ACC936979,ACC153929,194.92,False
T4860514,2023-12-25T00:43:23.878112,ACC687867,ACC114677,15.02,True
T3771064,2023-02-08T11:37:00.832829,ACC948181,ACC543359,15.42,True
T100547,2023-02-27T16:19:20.311721,ACC362285,ACC337078,193.0,False
T1961363,2023-12-12T06:46:21.037764,ACC738885,ACC420783,18.51,True
T100688,2023-05-27T03:47:36.840592,ACC223295,ACC556633,63.29,False
T100738,2023-01-16T11:26:21.339330,ACC378673,ACC678788,46.39,False
T100191,2023-12-09T01:23:06.257527,ACC447255,ACC881549,1674.4,False
T100919,2023-04-25T09:38:22.058116,ACC891507,ACC667600,832.66,False
T100456,2023-11-15T05:56:11.237382,ACC604550,ACC700896,19.37,False
T100868,2023-08-06T06:14:24.888018,ACC428258,ACC439910,71.94,False
T100393,2023-10-13T18:49:36.164911,ACC353569,ACC629435,1188.31,False
T100675,2023-11-04T05:27:38.223136,ACC800423,ACC608622,45.76,False
T100760,2023-04-23T13:07:40.079527,ACC491311,ACC982298,7.76,False
T843466,2023-02-15T13:00:12.982328,ACC837331,ACC369080,59.18,True
T100728,2023-09-22T05:00:23.559181,ACC283722,ACC595104,530.25,False
T100419,2023-05-25T03:00:32.473536,ACC975224,ACC698097,399.06,False
T100375,2023-11-17T00:56:23.648442,ACC757746,ACC123792,19.54,False
T100412,2023-12-12T05:06:01.311277,ACC983687,ACC247388,91.21,False
T100074,2023-08-11T02:59:08.970660,ACC386436,ACC326040,1084.2,False
T4256187,2023-10-05T07:36:54.496119,ACC895652,ACC216420,836.92,True
T3288804,2023-07-03T18:27:26.885887,ACC830739,ACC627407,142.68,True
T100500,2023-09-13T03:27:47.179433,ACC950931,ACC648273,1608.45,False
T100825,2023-06-15T05:03:55.206382,ACC873701,ACC887010,186.06,False
T100195,2023-09-13T10:26:35.251269,ACC865433,ACC666362,25.93,False
T5068346,2023-11-22T10:57:32.085118,ACC616143,ACC583687,58.1,True
T100616,2023-11-17T18:28:44.505334,ACC215552,ACC352248,0.01,False
T100114,2023-04-27T04:16:36.934902,ACC687713,ACC934042,67.09,False
T100417,2023-09-11T19:02:25.695437,ACC772528,ACC772758,178.43,False
T100601,2023-11-22T13:53:25.587468,ACC572780,ACC947825,263.15,False
T100969,2023-05-29T14:39:45.076311,ACC969494,ACC327155,687.14,False
T100921,2023-08-26T10:44:06.826470,ACC834734,ACC208919,486.74,False
T100604,2023-12-12T15:59:17.206522,ACC362241,ACC281361,11.72,False
T1504306,2023-02-24T05:15:49.567127,ACC632042,ACC227140,509.16,True
T100089,2023-12-02T11:23:25.667980,ACC829884,ACC971482,294.5,False
T100848,2023-04-15T15:53:23.540243,ACC727099,ACC485138,44.24,False
T2165333,2023-02-07T10:27:17.697711,ACC342554,ACC416135,108.05,True
T4234048,2023-04-25T22:26:26.922335,ACC201115,ACC440199,0.2,True
T100753,2023-07-15T03:30:39.776138,ACC797724,ACC310062,19.95,False
T100498,2023-02-12T00:37:14.161548,ACC443000,ACC802855,53.85,False
T3411029,2023-06-08T23:56:57.820501,ACC916418,ACC601744,1142.34,True
T3673329,2023-09-22T19:08:46.682082,ACC291160,ACC815358,23.1,True
T2523716,2023-04-09T06:53:38.448322,ACC542461,ACC386778,1990.43,True
T3155815,2023-02-16T20:39:29.250519,ACC446547,ACC382423,439.96,True
T100011,2023-03-31T07:39:21.036192,ACC946721,ACC526833,465.45,False
T100396,2023-12-27T01:16:11.981827,ACC297955,ACC998392,1015.28,False
T100284,2023-05-01T16:58:41.332922,ACC158760,ACC379449,60.05,False
T100555,2023-08-10T00:17:34.642416,ACC781834,ACC389351,327.34,False
T100042,2023-01-28T20:57:35.321182,ACC819796,ACC156213,447.6,False
T100841,2023-05-25T03:27:36.647406,ACC399244,ACC573589,747.95,False
T100167,2023-04-02T06:36:31.120851,ACC188341,ACC360221,81.15,False
T100416,2023-04-11T02:33:35.874000,ACC963185,ACC917319,282.99,False
T100576,2023-04-10T07:12:35.450514,ACC646833,ACC495900,445.09,False
T100834,2023-06-19T20:52:11.467759,ACC568383,ACC756293,69.13,False
T100267,2023-11-23T18:12:37.350515,ACC291663,ACC882401,425.94,False
T472773,2023-06-10T04:01:35.796646,ACC397769,ACC574121,1215.09,True
T100426,2023-03-25T22:34:42.165071,ACC593090,ACC372864,508.35,False
T100690,2023-03-14T20:35:04.245539,ACC663852,ACC580870,30.79,False
T4687960,2023-08-21T06:00:36.974473,ACC358680,ACC209044,1239.63,True
T1977025,2023-01-27T05:24:36.171171,ACC236739,ACC667671,1201.36,True
T100544,2023-09-04T20:48:51.103110,ACC336001,ACC283305,644.31,False
T720291,2023-03-25T20:52:18.453996,ACC149372,ACC623226,28.53,True
T100674,2023-11-10T19:41:36.724390,ACC324593,ACC103353,15.57,False
T100689,2023-12-09T16:08:02.000587,ACC855111,ACC993802,149.06,False
T100907,2023-12-06T21:27:50.580535,ACC699678,ACC342163,34.55,False
T1351040,2023-03-22T00:34:43.469138,ACC910896,ACC445158,125.74,True
T100851,2023-04-04T16:19:20.460366,ACC796922,ACC272702,328.04,False
T1320971,2023-07-17T09:24:39.649058,ACC453350,ACC978360,36.12,True
T100159,2023-04-16T22:33:33.165910,ACC999695,ACC639403,739.95,False
T100895,2023-05-14T10:49:04.351569,ACC519273,ACC539659,19.66,False
T100987,2023-07-01T15:42:01.649151,ACC977705,ACC974604,94.61,False
T3910276,2023-02-13T20:44:36.318089,ACC171256,ACC825386,1110.98,True
T100257,2023-11-25T06:26:52.897000,ACC780768,ACC552457,36.72,False
T4455939,2023-03-24T17:49:33.894588,ACC519350,ACC882061,50.74,True
T100335,2023-05-06T06:39:21.692338,ACC719677,ACC552091,25.87,False
T2742916,2023-06-06T07:39:33.771304,ACC619154,ACC498336,45.05,True
T100015,2023-05-29T03:04:25.786373,ACC358175,ACC707040,1258.92,False
T100515,2023-09-13T03:19:07.701009,ACC276578,ACC956046,62.15,False
T3851532,2023-12-19T10:31:30.209196,ACC996126,ACC510931,32.37,True
T100324,2023-12-04T06:10:14.676981,ACC597549,ACC935981,998.64,False
T1757555,2023-08-24T16:50:56.368620,ACC582890,ACC342504,19.51,True
T100768,2023-02-28T19:38:53.604380,ACC273681,ACC765748,36.72,False
T100607,2023-03-20T18:38:47.258904,ACC933868,ACC437181,632.5,False
T4266368,2023-06-03T08:56:58.803118,ACC776383,ACC625332,23.37,True
T100761,2023-01-06T17:51:39.318650,ACC196598,ACC540279,971.47,False
T4948638,2023-01-10T22:53:00.640509,ACC229777,ACC693287,8.14,True
T100521,2023-09-26T09:16:22.902879,ACC736667,ACC304553,571.03,False
T100022,2023-12-20T05:56:54.785269,ACC468203,ACC772642,37.3,False
T100356,2023-08-19T15:12:19.523710,ACC610135,ACC188984,19.77,False
T1285239,2023-02-05T06:12:51.331562,ACC553502,ACC392503,441.2,True
T100340,2023-02-23T04:24:14.275246,ACC789886,ACC557949,329.73,False
T100431,2023-09-01T08:57:28.061494,ACC637555,ACC309580,31.3,False
T100473,2023-11-01T06:51:12.275720,ACC644918,ACC932685,347.73,False
T100217,2023-03-04T03:18:22.820248,ACC845652,ACC782141,986.14,False
T100911,2023-01-28T23:44:15.957523,ACC227339,ACC994467,870.95,False
T2604923,2023-06-29T10:44:43.677197,ACC497844,ACC250714,598.43,True
T3076940,2023-09-14T20:24:11.577991,ACC543168,ACC116145,56.3,True
T633502,2023-12-26T17:21:58.662390,ACC859607,ACC913074,356.22,True
T100093,2023-01-14T17:58:40.807740,ACC145934,ACC929538,24.43,False
T1344277,2023-10-15T12:01:05.541610,ACC293124,ACC681591,3.52,True
T100696,2023-03-13T21:13:27.101186,ACC425468,ACC444406,1060.17,False
T100996,2023-01-03T21:55:27.779065,ACC236079,ACC346425,16.59,False
T100153,2023-03-14T01:22:14.341053,ACC375097,ACC803281,0.57,False
T5032419,2023-03-22T23:01:02.808341,ACC423728,ACC604412,36.96,True
T4664706,2023-10-20T02:36:14.257669,ACC752142,ACC980618,48.35,True
T100789,2023-09-07T07:32:25.212778,ACC276698,ACC101812,1022.81,False
T100580,2023-10-22T21:39:01.291814,ACC124835,ACC715698,391.17,False
T100703,2023-12-30T06:17:57.748896,ACC463773,ACC777388,26.55,False
T2963614,2023-09-08T04:32:32.963278,ACC281744,ACC546139,384.36,True
T100487,2023-02-06T00:03:49.683535,ACC477735,ACC140140,472.88,False
T100559,2023-04-19T12:08:45.227925,ACC678972,ACC224888,583.39,False
T100801,2023-08-31T14:48:01.565017,ACC904037,ACC298148,371.88,False
T100512,2023-05-22T05:04:33.097089,ACC270249,ACC303663,252.78,False
T100633,2023-03-24T11:14:30.451301,ACC770740,ACC993654,41.24,False
T2135826,2023-07-21T02:06:23.496018,ACC730018,ACC691927,348.73,True
T100790,2023-03-08T14:27:05.531114,ACC462018,ACC201675,553.35,False
T100116,2023-05-02T04:22:19.710297,ACC205428,ACC814281,234.08,False
T100740,2023-11-11T10:34:42.754175,ACC854955,ACC564143,145.66,False
T100830,2023-07-23T07:45:45.907644,ACC932378,ACC447142,703.27,False
T100119,2023-08-12T19:57:41.101373,ACC525187,ACC967161,23.16,False
T100656,2023-05-13T21:26:49.323537,ACC362682,ACC920433,1159.63,False
T100635,2023-02-23T09:07:05.554054,ACC293785,ACC248568,56.22,False
T100369,2023-05-25T20:14:40.448155,ACC961186,ACC202759,191.49,False
T100268,2023-02-13T20:08:08.144361,ACC808640,ACC795650,163.16,False
T100655,2023-04-06T10:28:55.947130,ACC590033,ACC881853,436.12,False
T100935,2023-03-05T00:19:03.685005,ACC345597,ACC873298,1381.06,False
T100822,2023-08-09T05:36:45.830980,ACC771712,ACC399266,319.68,False
T100866,2023-09-15T07:11:43.853565,ACC910463,ACC772556,1235.84,False
T100046,2023-08-07T19:48:04.174128,ACC870214,ACC437978,123.84,False
T4918833,2023-06-18T11:24:47.983287,ACC216400,ACC740162,47.2,True
T100991,2023-12-12T14:31:37.557326,ACC828338,ACC333067,15.77,False
T100876,2023-11-06T19:11:31.746594,ACC847031,ACC565707,0.79,False
T100773,2023-11-15T04:36:17.569781,ACC618554,ACC977353,257.02,False
T100004,2023-09-24T08:09:02.700162,ACC584714,ACC497887,24.43,False
T3761631,2023-12-07T00:26:36.997690,ACC690952,ACC978832,332.28,True
T100263,2023-03-29T07:53:16.935063,ACC265092,ACC191061,35.82,False
T4986397,2023-01-18T15:20:07.593752,ACC654784,ACC246275,627.81,True
T4992942,2023-10-03T13:16:02.580577,ACC981538,ACC771455,451.69,True
T100443,2023-08-14T12:51:04.293814,ACC689280,ACC334981,110.97,False
T1819279,2023-06-15T06:26:38.769696,ACC737894,ACC453969,27.17,True
T2894336,2023-04-20T21:19:57.320174,ACC583892,ACC422130,1557.66,True
T100837,2023-05-04T23:15:52.242537,ACC460262,ACC887324,436.37,False
T1978513,2023-09-24T03:22:48.183144,ACC487015,ACC296370,197.91,True
T100304,2023-10-02T14:06:39.971058,ACC606489,ACC753306,41.01,False
T1174827,2023-02-05T14:53:15.067152,ACC120376,ACC942356,297.67,True
T100313,2023-10-29T21:36:30.565929,ACC357657,ACC643899,71.2,False
T100149,2023-01-05T04:23:54.562535,ACC332785,ACC635482,260.07,False
T100574,2023-03-31T10:36:04.476883,ACC696831,ACC971437,763.45,False
T100050,2023-04-24T10:10:16.364372,ACC679077,ACC527809,1059.6,False
T4970904,2023-01-13T16:01:56.874227,ACC512959,ACC133245,14.03,True
T100726,2023-05-27T00:28:34.299947,ACC658540,ACC970177,19.44,False
T100833,2023-07-11T17:52:45.123526,ACC396176,ACC360284,52.24,False
T100470,2023-08-14T03:38:21.797737,ACC687324,ACC575976,1383.65,False
T100971,2023-02-13T03:01:38.505717,ACC628376,ACC311873,304.27,False
T100653,2023-01-08T09:06:45.595008,ACC503348,ACC565588,1292.24,False
T100399,2023-03-26T09:59:56.063819,ACC131167,ACC204441,1169.06,False
T100511,2023-02-26T17:23:10.436375,ACC104383,ACC113457,35.29,False
T100320,2023-11-04T21:23:32.494347,ACC407057,ACC593687,416.34,False
T100019,2023-02-11T18:00:54.698265,ACC256294,ACC672092,1433.12,False
T100684,2023-05-26T07:46:26.026483,ACC568802,ACC487786,95.7,False
T100035,2023-11-08T03:34:07.587904,ACC944657,ACC226935,671.66,False
T100902,2023-02-09T21:13:42.854531,ACC232235,ACC256580,819.0,False
T100827,2023-03-12T02:55:38.917799,ACC858885,ACC623382,82.46,False
T1012017,2023-08-11T13:17:11.391810,ACC331253,ACC495839,266.97,True
T100407,2023-07-27T09:54:42.704394,ACC598355,ACC547852,322.0,False
T100920,2023-02-20T02:10:14.563024,ACC716881,ACC104204,843.78,False
T100537,2023-09-19T12:32:16.507594,ACC789247,ACC779237,268.01,False
T100758,2023-08-26T21:47:23.849170,ACC594258,ACC116619,28.59,False
T1209174,2023-09-09T00:04:01.400524,ACC295474,ACC758765,340.43,True
T100245,2023-03-13T03:17:51.527162,ACC803571,ACC938504,1030.85,False
T100784,2023-08-15T11:44:24.146905,ACC719774,ACC557372,589.0,False
T100489,2023-11-06T06:13:21.395064,ACC907540,ACC831844,15.51,False
T100154,2023-04-25T14:30:25.650085,ACC420214,ACC222629,318.12,False
T100961,2023-12-15T00:24:41.143967,ACC366366,ACC457075,49.73,False
T100853,2023-01-09T13:54:33.021933,ACC410152,ACC226956,104.83,False
T100625,2023-05-24T06:23:23.050686,ACC389666,ACC424348,98.93,False
T100685,2023-05-28T18:59:19.816873,ACC648830,ACC858154,256.39,False
T100569,2023-08-30T20:46:11.372762,ACC950100,ACC845859,1123.35,False
T2471143,2023-11-08T14:01:27.434797,ACC383238,ACC618399,8.26,True
T100017,2023-06-10T15:29:48.694371,ACC837715,ACC417212,1120.17,False
T100127,2023-08-06T08:57:02.634909,ACC726822,ACC804667,1702.85,False
T100927,2023-10-15T10:41:24.559840,ACC168466,ACC714973,55.44,False
T100980,2023-03-27T21:39:11.320312,ACC966473,ACC342880,497.05,False
T3664715,2023-06-14T01:35:17.819110,ACC504611,ACC844177,252.77,True
T100190,2023-03-24T05:33:28.780094,ACC954017,ACC283869,88.56,False
T100992,2023-04-07T10:33:37.193936,ACC991417,ACC685823,17.64,False
T3326133,2023-06-03T22:10:16.798906,ACC768163,ACC906593,232.47,True
T3922720,2023-01-26T23:27:26.025122,ACC745164,ACC102750,16.88,True
T100606,2023-01-12T03:16:26.274764,ACC948340,ACC438355,139.31,False
T100180,2023-06-19T05:54:58.221699,ACC194813,ACC265271,50.59,False
T100301,2023-06-25T18:52:52.022316,ACC611559,ACC514521,108.84,False
T100496,2023-05-24T16:30:34.351591,ACC351338,ACC265603,48.42,False
T3871368,2023-06-23T11:33:57.684733,ACC236809,ACC854914,740.64,True
T2917154,2023-05-03T17:33:41.576660,ACC276585,ACC209015,29.08,True
T663072,2023-09-24T10:56:47.691493,ACC807796,ACC900196,8.09,True
T100517,2023-04-18T11:46:48.459917,ACC230738,ACC390206,1156.6,False
T3187272,2023-01-17T21:24:36.214128,ACC473458,ACC919899,64.47,True
T100476,2023-08-21T23:18:22.767544,ACC472654,ACC541457,11.5,False
T100157,2023-07-17T21:18:00.003854,ACC896922,ACC853905,109.52,False
T100016,2023-09-03T13:00:22.871266,ACC579434,ACC431535,1444.64,False
T1962617,2023-08-09T22:05:38.838799,ACC590272,ACC667088,8.57,True
T100546,2023-04-20T00:33:06.089840,ACC105404,ACC466709,378.86,False
T100658,2023-11-15T20:03:18.858902,ACC151988,ACC343974,1082.99,False
T4931350,2023-05-28T22:22:52.793304,ACC747724,ACC339246,20.96,True
T3320806,2023-05-09T10:55:17.063347,ACC336114,ACC890151,23.46,True
T4490636,2023-12-31T07:01:36.535111,ACC991752,ACC552648,467.64,True
T100959,2023-10-31T15:08:51.818680,ACC122286,ACC915811,40.78,False
T2561800,2023-11-16T11:31:26.139374,ACC783610,ACC118309,1648.07,True
T100283,2023-02-16T05:20:36.300546,ACC862427,ACC108602,423.06,False
T100797,2023-12-02T10:01:59.416103,ACC146930,ACC263503,0.01,False
T100225,2023-09-01T02:06:18.866646,ACC503572,ACC255875,1047.25,False
T100026,2023-10-27T00:23:22.377628,ACC805477,ACC425498,156.29,False
T100437,2023-08-26T13:56:21.919658,ACC353524,ACC556957,0.01,False
T3827456,2023-06-20T17:48:06.504763,ACC162640,ACC492218,24.52,True
T100229,2023-02-22T04:20:05.571394,ACC878579,ACC856609,241.31,False
T100037,2023-10-02T16:10:20.023696,ACC739979,ACC800646,66.38,False
T100749,2023-03-09T19:03:59.953377,ACC338742,ACC583187,4.86,False
T3535201,2023-04-12T03:47:35.694370,ACC865294,ACC462894,1402.07,True
T100469,2023-11-15T06:27:58.308326,ACC624629,ACC618008,728.36,False
T4254523,2023-03-08T13:20:17.430787,ACC646539,ACC160046,83.72,True
T939751,2023-09-23T07:08:56.896067,ACC935493,ACC226269,400.8,True
T100687,2023-02-16T10:59:40.401376,ACC269966,ACC645195,1090.12,False
T2973544,2023-03-28T07:38:44.013890,ACC860161,ACC921044,228.05,True
T100639,2023-01-12T17:36:40.878019,ACC266911,ACC342959,0.01,False
T4639387,2023-05-19T23:56:37.796649,ACC516797,ACC445955,688.41,True
T2990868,2023-07-07T20:40:38.759225,ACC695886,ACC953611,931.69,True
T3616170,2023-07-20T20:03:02.367712,ACC937818,ACC171919,284.23,True
T4492992,2023-05-25T03:47:45.348884,ACC922179,ACC200465,237.2,True
T100800,2023-03-15T22:54:15.762117,ACC137429,ACC591737,39.1,False
T100160,2023-10-06T19:30:31.054765,ACC511776,ACC613234,377.13,False
T100956,2023-12-04T16:05:59.858544,ACC821836,ACC495618,81.03,False
T100821,2023-03-09T11:58:04.592229,ACC183422,ACC284393,32.62,False
T3156146,2023-06-04T20:55:02.059996,ACC780963,ACC887707,1026.74,True
T100877,2023-08-14T06:59:14.741854,ACC736017,ACC315450,12.31,False
T100913,2023-03-01T10:34:36.839308,ACC660788,ACC303602,43.17,False
T100152,2023-03-10T21:44:58.075746,ACC553125,ACC514798,918.43,False
T3535263,2023-07-18T05:00:10.025511,ACC455394,ACC722323,63.72,True
T100509,2023-04-10T20:30:01.708107,ACC183902,ACC477048,154.71,False
T2494089,2023-03-15T23:08:19.287260,ACC188519,ACC747824,277.44,True
T4483657,2023-05-17T10:26:50.222842,ACC531971,ACC419763,13.37,True
T100103,2023-08-17T22:11:45.190643,ACC659392,ACC197966,100.9,False
T100586,2023-09-25T14:22:34.896135,ACC905533,ACC554153,283.33,False
T3774159,2023-05-11T06:36:54.244693,ACC114526,ACC198217,407.68,True
T3525651,2023-01-05T22:17:39.910255,ACC349294,ACC242134,2.75,True
T100053,2023-12-19T07:51:43.488465,ACC626690,ACC718849,27.64,False
T100151,2023-01-18T05:25:24.749169,ACC220675,ACC123682,15.67,False
T100403,2023-08-04T16:27:34.259363,ACC977589,ACC484208,54.0,False
T3048040,2023-02-20T15:25:38.231686,ACC867451,ACC893242,143.16,True
T100207,2023-01-09T04:39:31.146105,ACC109330,ACC597126,406.58,False
T3915707,2023-11-06T10:00:21.890260,ACC321098,ACC409015,252.31,True
T697263,2023-10-11T13:25:48.560547,ACC501136,ACC435400,413.84,True
T100008,2023-02-11T06:57:40.585720,ACC972064,ACC945964,16.0,False
T4595494,2023-05-13T00:54:51.619617,ACC718811,ACC708155,583.66,True
T3836754,2023-02-24T08:33:16.026367,ACC831964,ACC115656,512.05,True
T4119434,2023-11-22T15:34:58.532535,ACC435220,ACC886059,32.74,True
T100452,2023-06-15T23:45:07.258336,ACC846209,ACC546370,201.56,False
T100253,2023-06-01T18:00:57.173159,ACC855242,ACC218844,129.16,False
T100896,2023-10-25T15:55:58.487082,ACC534344,ACC596159,2017.75,False
T3507431,2023-08-24T01:12:13.069922,ACC329375,ACC966243,8.85,True
T100880,2023-01-18T19:17:30.797863,ACC194343,ACC841452,390.43,False
T1356987,2023-09-13T07:25:12.722400,ACC965671,ACC804472,596.98,True
T100623,2023-04-21T07:56:02.859383,ACC642985,ACC912149,209.24,False
T100345,2023-08-10T03:28:36.075654,ACC874863,ACC258477,419.22,False
T1804403,2023-11-22T08:59:30.913921,ACC532394,ACC878532,569.95,True
T100262,2023-04-16T08:28:13.759248,ACC160254,ACC911187,353.32,False
T100150,2023-04-18T21:59:10.506268,ACC221707,ACC971699,437.54,False
T100472,2023-03-14T06:38:27.322263,ACC425903,ACC165896,348.05,False
T100640,2023-12-03T17:00:43.187961,ACC741627,ACC362651,1079.95,False
T2320223,2023-03-05T19:56:47.953513,ACC647865,ACC878470,23.21,True
T2729700,2023-11-13T14:21:25.662437,ACC122124,ACC804825,1254.63,True
T100550,2023-01-06T20:33:53.453741,ACC347993,ACC154567,25.77,False
T100928,2023-06-25T21:52:06.663820,ACC239970,ACC117978,435.27,False
T100488,2023-10-09T10:51:59.600685,ACC962253,ACC463470,48.15,False
T4621717,2023-06-27T07:20:28.922962,ACC141726,ACC384029,9.76,True
T1880594,2023-11-14T11:17:35.948270,ACC219415,ACC383761,1185.3,True
T100146,2023-12-19T11:40:25.313917,ACC405605,ACC870571,20.89,False
T100402,2023-08-30T19:17:18.391341,ACC665593,ACC700005,20.0,False
T100954,2023-03-21T15:00:45.287169,ACC775312,ACC438711,158.89,False
T1355445,2023-08-15T03:22:23.618996,ACC437353,ACC472852,25.59,True
T100659,2023-08-08T16:04:14.261826,ACC214466,ACC181242,176.24,False
T100463,2023-06-13T14:48:16.414707,ACC624741,ACC313340,185.5,False
T100186,2023-05-12T05:06:43.703290,ACC344068,ACC267378,938.24,False
T4632681,2023-03-17T22:49:40.601617,ACC692979,ACC887145,1329.02,True
T3132309,2023-05-27T23:25:17.173985,ACC856074,ACC721004,11.44,True
T100608,2023-10-25T03:20:08.144302,ACC306698,ACC152072,114.79,False
T100143,2023-05-10T06:17:20.965720,ACC725920,ACC727094,32.67,False
T100751,2023-07-27T01:05:15.426471,ACC918506,ACC217791,135.96,False
T100981,2023-06-16T11:18:20.904271,ACC164056,ACC522218,115.47,False
T100197,2023-11-23T23:07:36.316675,ACC195563,ACC773045,97.45,False
T100883,2023-07-04T04:30:19.357577,ACC512935,ACC241504,275.11,False
T100279,2023-07-11T21:30:28.390124,ACC659713,ACC424703,7.75,False
T100293,2023-01-15T22:07:17.810124,ACC974991,ACC418667,1654.96,False
T4455899,2023-02-02T18:22:30.972276,ACC196735,ACC957618,78.18,True
T100400,2023-08-30T23:03:57.941339,ACC904857,ACC616096,108.78,False
T100122,2023-09-14T22:59:28.522916,ACC691573,ACC217659,1090.94,False
T2783611,2023-01-09T05:09:07.256809,ACC655394,ACC111344,8.36,True
T100202,2023-05-28T21:03:06.753098,ACC738221,ACC813884,127.78,False
T100835,2023-12-16T02:29:04.946172,ACC154970,ACC442399,214.3,False
T100246,2023-02-07T07:23:40.926238,ACC173199,ACC302897,35.64,False
T1642747,2023-05-30T20:19:15.863811,ACC795247,ACC751414,83.04,True
T1376059,2023-12-06T04:02:41.713789,ACC497626,ACC683636,9.31,True
T3407667,2023-09-13T21:28:40.688798,ACC467298,ACC894992,136.51,True
T100384,2023-03-06T10:03:45.989331,ACC844747,ACC695503,165.52,False
T100854,2023-05-06T17:09:56.119577,ACC318573,ACC418543,3.6,False
T100219,2023-02-11T17:44:59.861450,ACC621917,ACC308296,491.5,False
T100641,2023-04-03T17:51:20.501338,ACC811824,ACC399986,376.43,False
T100001,2023-08-04T01:58:02.606711,ACC895667,ACC944962,419.65,False
T100112,2023-03-12T05:16:14.562350,ACC428930,ACC539122,511.61,False
T100698,2023-11-01T13:24:15.875191,ACC158770,ACC564915,1253.53,False
T3140871,2023-01-12T06:47:50.755622,ACC244720,ACC719130,22.07,True
T100951,2023-06-21T20:43:43.548699,ACC531165,ACC930570,34.16,False
T3093067,2023-04-29T04:54:10.738865,ACC762366,ACC665880,26.3,True
T4973782,2023-12-24T10:13:29.021819,ACC385160,ACC268658,576.87,True
T100441,2023-12-18T04:52:39.021978,ACC784196,ACC870267,25.5,False
T1466205,2023-12-29T03:28:20.138449,ACC487448,ACC360917,270.27,True
T100663,2023-09-11T13:19:14.320395,ACC868394,ACC529838,16.99,False
T1191162,2023-01-05T12:30:55.228187,ACC768839,ACC474305,32.76,True
T2255279,2023-06-16T10:12:54.402969,ACC808286,ACC575094,1152.24,True
T2644355,2023-11-01T14:13:09.242123,ACC883672,ACC543275,1256.05,True
T100317,2023-11-25T05:13:37.781511,ACC103704,ACC752801,33.45,False
T100648,2023-11-24T22:00:19.237906,ACC468877,ACC303052,12.65,False
T100709,2023-02-28T06:43:44.710492,ACC593670,ACC676537,42.9,False
T100972,2023-08-18T23:35:28.739938,ACC999507,ACC873566,16.71,False
T100627,2023-04-23T03:59:46.847858,ACC469366,ACC792325,1044.15,False
T100632,2023-04-10T10:43:53.905163,ACC212248,ACC449682,1007.77,False
T3090471,2023-09-11T06:58:16.722711,ACC940791,ACC491283,12.4,True
T4276051,2023-06-19T08:10:56.453277,ACC802478,ACC924673,1593.46,True
T2949408,2023-08-11T23:06:03.279651,ACC338658,ACC654818,429.94,True
T893574,2023-05-14T14:27:48.333610,ACC863244,ACC633737,978.54,True
T100795,2023-05-21T22:44:10.262859,ACC663886,ACC154982,68.65,False
T100645,2023-04-06T15:19:06.529461,ACC901883,ACC162276,417.96,False
T4359325,2023-12-27T08:50:28.047978,ACC356565,ACC256643,7.81,True
T100556,2023-12-11T13:19:32.541297,ACC459554,ACC416120,43.32,False
T100681,2023-10-25T05:50:36.872693,ACC787106,ACC520217,141.52,False
T100577,2023-10-30T03:44:32.045720,ACC157327,ACC942362,15.11,False
T4441428,2023-04-12T06:14:02.371671,ACC872868,ACC548050,5.43,True
T5067018,2023-10-17T23:42:52.778710,ACC684908,ACC814309,202.05,True
T1365148,2023-09-17T06:20:37.812447,ACC180357,ACC391843,38.25,True
T100524,2023-02-12T07:26:38.744764,ACC216793,ACC193469,35.74,False
T2138241,2023-02-18T21:22:07.947674,ACC682564,ACC600033,1189.04,True
T100540,2023-05-07T22:42:52.198676,ACC810737,ACC927061,115.04,False
T4354362,2023-07-19T13:56:39.985508,ACC984004,ACC209506,1184.66,True
T100748,2023-08-05T00:43:15.093279,ACC309709,ACC689128,422.78,False
T4040661,2023-06-17T07:18:56.519192,ACC744346,ACC104853,11.56,True
T100484,2023-09-18T17:23:06.038675,ACC828246,ACC606773,160.02,False
T100095,2023-08-09T02:29:27.231910,ACC671971,ACC408036,19.81,False
T4937877,2023-01-23T03:43:33.416528,ACC787669,ACC131381,13.43,True
T100563,2023-12-11T12:47:25.143724,ACC779020,ACC395744,1640.72,False
T3961932,2023-05-18T07:17:09.184768,ACC398591,ACC136859,9.87,True
T100742,2023-10-06T10:26:06.843951,ACC419439,ACC199161,93.02,False
T100863,2023-12-03T16:36:33.568860,ACC940145,ACC323934,328.83,False
T100891,2023-02-04T12:20:27.280028,ACC389155,ACC513557,177.56,False
T1750155,2023-01-13T14:14:41.729640,ACC790374,ACC620318,18.2,True
T100206,2023-05-06T23:37:16.585532,ACC885342,ACC971230,1269.41,False
T100392,2023-01-17T04:08:45.259897,ACC800015,ACC110771,645.07,False
T100794,2023-08-11T21:38:59.812319,ACC621786,ACC924558,6.43,False
T100870,2023-04-01T06:45:07.948101,ACC851872,ACC383891,376.32,False
T100397,2023-09-11T19:31:30.491437,ACC877447,ACC276919,904.34,False
T100766,2023-10-13T22:55:09.822565,ACC773492,ACC126648,586.32,False
T2959607,2023-11-23T11:23:38.078451,ACC468095,ACC252396,730.16,True
T2476493,2023-04-27T20:44:31.461559,ACC851963,ACC225175,230.64,True
T3963112,2023-11-26T16:06:50.193958,ACC289418,ACC527713,380.9,True
T100642,2023-05-12T18:45:15.761079,ACC695900,ACC673131,86.16,False
T100612,2023-01-18T21:30:34.908226,ACC178687,ACC376537,8.98,False
T100960,2023-10-12T19:29:14.071775,ACC144206,ACC302310,1319.44,False
T100725,2023-11-26T00:01:12.078075,ACC434918,ACC907927,13.59,False
T100683,2023-03-23T15:56:09.260661,ACC688247,ACC392089,7.7,False
T100098,2023-08-26T09:09:07.392761,ACC218959,ACC127172,250.97,False
T100804,2023-07-25T21:21:14.800294,ACC906035,ACC694495,1166.76,False
T100406,2023-03-16T11:24:20.055577,ACC988494,ACC925386,1251.18,False
T100502,2023-12-08T12:42:27.877371,ACC548665,ACC226672,787.31,False
T4385505,2023-09-12T20:24:38.409354,ACC564760,ACC743178,15.3,True
T1282926,2023-03-07T08:25:36.644655,ACC787484,ACC930716,753.19,True
T100929,2023-01-24T02:35:51.721724,ACC352943,ACC396551,18.97,False
T100779,2023-01-07T01:31:24.294334,ACC710110,ACC425611,20.11,False
T100200,2023-03-16T12:48:46.413204,ACC255061,ACC974625,25.51,False
T100134,2023-03-26T16:57:47.389639,ACC973844,ACC357666,35.05,False
T4330172,2023-12-03T11:48:08.805150,ACC277686,ACC232451,170.2,True
T100040,2023-03-21T14:31:46.003212,ACC389930,ACC859782,12.27,False
T1234942,2023-12-02T13:59:21.335165,ACC693929,ACC666530,351.86,True
T100230,2023-02-09T21:01:40.606458,ACC148759,ACC764000,1062.84,False
T100378,2023-02-28T23:35:28.636159,ACC143150,ACC432006,234.02,False
T100288,2023-12-26T03:28:45.220955,ACC893454,ACC464189,122.26,False
T100418,2023-07-09T07:21:54.740185,ACC900234,ACC236412,39.21,False
T100391,2023-02-17T14:42:42.807651,ACC545440,ACC824375,1387.78,False
T100592,2023-12-22T10:28:54.714859,ACC115069,ACC488241,13.36,False
T4837120,2023-06-26T16:25:34.131221,ACC903140,ACC223815,3.28,True
T4385287,2023-06-06T20:28:47.931345,ACC869057,ACC920008,88.51,True
T100647,2023-07-15T11:28:05.316019,ACC815067,ACC816801,1493.91,False
T2376235,2023-07-31T18:10:28.338369,ACC125442,ACC489519,113.8,True
T100520,2023-07-08T19:38:47.955159,ACC297064,ACC103281,13.37,False
T100064,2023-06-12T14:32:08.633993,ACC997004,ACC480303,1142.37,False
T100014,2023-03-11T13:30:19.142152,ACC161324,ACC707314,1283.35,False
T3750541,2023-06-18T01:53:17.165454,ACC390933,ACC620255,0.01,True
T1573698,2023-06-26T04:08:20.952523,ACC912299,ACC785284,1460.17,True
T100492,2023-03-15T03:13:44.102946,ACC397604,ACC315893,74.91,False
T100379,2023-04-21T01:39:48.891656,ACC524214,ACC623676,349.22,False
T100187,2023-08-06T05:28:15.241545,ACC831514,ACC476211,563.47,False
T100763,2023-04-02T12:03:44.045931,ACC293595,ACC865492,86.93,False
T100216,2023-06-17T01:54:52.174239,ACC725339,ACC649577,5.36,False
T100791,2023-05-08T14:42:47.614514,ACC718771,ACC643674,114.38,False
T4122401,2023-05-14T20:40:13.322117,ACC730947,ACC921853,8.16,True
T100878,2023-09-19T05:49:11.843182,ACC497875,ACC729602,41.21,False
T100337,2023-04-18T04:34:06.602518,ACC706005,ACC568881,0.01,False
T100719,2023-12-30T22:29:06.923162,ACC639009,ACC665347,310.02,False
T100295,2023-06-01T08:07:38.046151,ACC551504,ACC966286,58.77,False
T4516185,2023-10-10T04:57:23.570087,ACC278860,ACC252720,1906.86,True
T3431778,2023-08-14T16:36:53.688502,ACC441402,ACC666225,0.01,True
T100455,2023-10-16T22:56:39.916958,ACC921866,ACC718265,8.37,False
T3244463,2023-08-03T15:53:12.605203,ACC880505,ACC110332,15.67,True
T100815,2023-11-07T22:58:29.119189,ACC638362,ACC393859,1393.61,False
T100269,2023-10-01T23:29:01.750456,ACC156778,ACC651273,157.3,False
T100995,2023-12-17T15:50:59.446208,ACC987729,ACC256957,2130.27,False
T100201,2023-02-24T20:13:47.041430,ACC710981,ACC895216,607.98,False
T100161,2023-08-02T08:55:50.056681,ACC197666,ACC866437,185.23,False
T100729,2023-08-23T21:28:56.354553,ACC978576,ACC447350,0.01,False
T100401,2023-04-26T07:32:18.862445,ACC564053,ACC581984,1137.06,False
T100702,2023-04-10T19:43:22.633990,ACC285715,ACC409258,22.76,False
T3351079,2023-06-01T20:38:25.929827,ACC345130,ACC643362,260.39,True
T100565,2023-12-16T15:43:51.506439,ACC668716,ACC871889,24.72,False
T1130794,2023-02-20T13:41:08.645959,ACC117915,ACC767684,402.4,True
T4596469,2023-11-09T11:23:22.656455,ACC259562,ACC140145,917.74,True
T4671663,2023-01-04T07:33:52.606517,ACC150811,ACC457334,31.45,True
T100205,2023-06-17T01:29:25.166551,ACC838862,ACC308781,91.85,False
T100034,2023-09-13T18:18:47.333219,ACC275939,ACC735324,149.59,False
T100775,2023-07-30T05:28:46.544794,ACC901144,ACC350205,8.25,False
T100508,2023-12-09T15:17:05.471725,ACC196216,ACC282112,902.47,False
T2653028,2023-05-03T13:05:34.851679,ACC489812,ACC470352,84.11,True
T100091,2023-08-31T13:53:33.371736,ACC648913,ACC478120,603.02,False
T1982307,2023-11-02T20:34:41.706293,ACC594183,ACC469718,72.22,True
T100897,2023-04-16T08:27:21.957667,ACC943610,ACC272904,41.0,False
T100564,2023-11-29T07:59:16.947843,ACC205102,ACC859490,182.32,False
T3447182,2023-10-27T20:32:36.580665,ACC135177,ACC573487,58.49,True
T100776,2023-07-26T22:18:24.396753,ACC761149,ACC444941,1365.34,False
T100241,2023-09-30T18:45:49.078464,ACC124906,ACC581532,42.39,False
T100013,2023-03-03T07:53:07.184005,ACC604740,ACC324130,34.58,False
T100315,2023-06-16T12:14:35.682749,ACC311741,ACC576769,817.59,False
T100600,2023-02-09T10:59:29.341774,ACC374721,ACC289401,1694.65,False
T100387,2023-04-28T14:24:23.530149,ACC242079,ACC474745,562.66,False
T2489821,2023-08-20T00:29:00.963415,ACC193457,ACC627640,24.7,True
T100166,2023-06-11T14:16:15.333713,ACC323404,ACC758589,307.87,False
T100840,2023-07-06T01:08:31.328590,ACC516474,ACC323114,208.82,False
T100020,2023-05-10T19:13:29.421207,ACC526117,ACC750810,413.32,False
T100646,2023-11-21T13:39:47.627323,ACC235753,ACC383648,1159.45,False
T2898062,2023-12-07T10:09:42.515066,ACC700103,ACC198812,196.26,True
T100831,2023-08-16T16:47:50.261953,ACC654943,ACC614788,6.24,False
T3327083,2023-01-23T06:26:28.902187,ACC887840,ACC411382,490.13,True
T100562,2023-03-17T06:19:38.001721,ACC946969,ACC999910,62.39,False
T4887273,2023-09-14T21:17:52.971681,ACC804120,ACC508493,1978.82,True
T100686,2023-04-09T02:56:57.434260,ACC891714,ACC689729,9.06,False
T100957,2023-11-20T10:20:36.016298,ACC426346,ACC733016,1920.97,False
T100189,2023-05-18T05:39:18.840709,ACC514812,ACC714483,856.08,False
T100975,2023-12-21T09:48:05.339102,ACC312511,ACC575913,225.72,False
T100699,2023-06-02T20:28:39.561045,ACC802169,ACC164470,953.99,False
T100510,2023-06-06T02:00:00.852122,ACC895720,ACC414815,238.09,False
T3000342,2023-08-06T23:52:26.874201,ACC614283,ACC836798,762.5,True
T100474,2023-10-13T16:58:51.816885,ACC941363,ACC563385,1024.26,False
T100856,2023-08-09T22:36:45.060227,ACC136010,ACC438556,19.91,False
T100747,2023-02-07T20:36:49.191466,ACC459338,ACC389455,93.87,False
T100252,2023-07-08T22:25:00.522436,ACC956934,ACC461792,126.57,False
T100021,2023-05-20T16:03:55.763817,ACC593554,ACC333238,311.77,False
T3673087,2023-11-15T04:15:32.300020,ACC931886,ACC703413,162.16,True
T100459,2023-10-31T14:05:21.218058,ACC565808,ACC188759,26.33,False
T4254416,2023-10-31T05:19:39.759412,ACC582714,ACC431766,98.11,True
T100276,2023-10-13T12:19:57.228407,ACC884225,ACC715429,1.58,False
T100955,2023-12-18T05:04:54.643289,ACC916749,ACC679390,743.47,False
T4204741,2023-05-18T20:55:29.676093,ACC161888,ACC802673,255.76,True
T100385,2023-10-16T23:04:59.647095,ACC375436,ACC414750,41.54,False
T100805,2023-08-13T01:27:01.709232,ACC767625,ACC577085,448.59,False
T100343,2023-06-16T08:20:40.565522,ACC701846,ACC869460,49.26,False
T100769,2023-09-21T17:45:26.622591,ACC100370,ACC178507,18.76,False
T4178300,2023-02-20T01:46:44.146433,ACC461324,ACC453601,7.49,True
T100130,2023-10-22T03:35:56.979707,ACC689704,ACC532723,51.32,False
T100871,2023-06-16T16:42:09.205202,ACC711931,ACC961046,22.74,False
T2625887,2023-11-17T08:38:01.921848,ACC622389,ACC416549,1067.47,True
T2128980,2023-04-08T14:48:06.882538,ACC700712,ACC587773,1272.88,True
T100087,2023-07-22T12:46:36.947705,ACC845957,ACC986982,591.25,False
T100330,2023-02-27T14:39:54.322293,ACC115997,ACC753205,1055.12,False
T3388601,2023-05-04T20:04:18.338155,ACC420761,ACC230969,4.88,True
T100466,2023-01-07T17:03:41.895257,ACC240221,ACC777844,135.02,False
T100121,2023-05-15T10:41:04.528230,ACC329772,ACC240057,30.74,False
T3056988,2023-10-01T09:45:29.199641,ACC361870,ACC148487,135.89,True
T3352346,2023-12-07T22:51:52.482814,ACC401947,ACC665097,48.23,True
T2284527,2023-01-17T19:01:30.497333,ACC905017,ACC160890,2115.61,True
T4702172,2023-07-12T16:13:21.268705,ACC738324,ACC389834,682.78,True
T100860,2023-01-09T03:54:33.917565,ACC827514,ACC486178,1487.14,False
T4979443,2023-05-25T00:58:51.198042,ACC706576,ACC238983,198.26,True
